310,287,6238,
310,287,6288,
310,287,6305,
310,287,6322,
310,287,6338,
310,287,6355,
310,287,6372,
310,287,6389,
310,287,6405,
310,287,6422,
310,287,6439,
310,287,6455,
310,287,6472,
310,287,6489,
310,287,6506,
310,287,6522,
310,287,6539,
310,287,6556,
310,287,6572,
310,287,6589,
310,287,6606,
310,287,6623,U
310,287,6639,U
310,286,6656,U
310,285,6673,U
310,285,6690,U
310,284,6706,U
310,283,6723,U
310,282,6740,U
310,281,6756,U
310,280,6773,U
310,280,6790,U
310,279,6807,U
310,278,6823,U
310,277,6840,U
310,276,6857,U
310,275,6873,U
310,275,6890,U
310,274,6907,U
310,273,6924,U
310,272,6940,U
310,271,6957,U
310,270,6974,U
310,270,6991,UL
310,269,7007,UL
310,268,7024,L
310,267,7041,L
309,267,7057,L
308,267,7074,L
308,267,7091,L
307,267,7108,L
306,267,7124,L
305,267,7141,L
304,267,7158,UL
303,267,7174,UL
303,266,7191,UL
303,265,7208,UL
303,265,7241,U
303,264,7258,U
303,263,7275,U
303,262,7291,U
303,261,7308,U
303,260,7325,U
303,260,7342,U
303,259,7358,U
303,258,7375,U
303,257,7392,U
303,256,7409,U
303,255,7425,U
303,255,7442,U
303,254,7459,U
303,253,7475,U
303,252,7492,U
303,251,7509,U
303,250,7526,U
303,250,7542,U
303,249,7559,U
303,248,7576,U
303,247,7592,U
303,246,7609,U
303,245,7626,U
303,245,7643,U
303,244,7659,U
303,243,7676,U
303,242,7693,U
303,241,7710,U
303,240,7726,U
303,240,7743,U
303,239,7760,U
303,238,7776,U
303,237,7793,U
303,236,7810,U
303,235,7827,U
303,234,7843,U
303,234,7860,U
303,233,7877,U
303,232,7893,U
303,231,7910,U
303,230,7927,U
303,229,7944,U
303,229,7960,U
303,228,7977,U
303,227,7994,U
303,226,8011,U
303,225,8027,U
303,224,8044,U
303,224,8061,U
303,223,8077,U
303,222,8094,U
303,221,8111,U
303,220,8128,U
303,219,8144,U
303,219,8161,U
303,218,8178,U
303,217,8194,U
303,216,8211,U
303,215,8228,U
303,214,8245,U
303,214,8261,U
303,213,8278,U
303,212,8295,U
303,211,8312,U
303,210,8328,U
303,209,8345,U
303,209,8362,U
303,208,8378,U
303,207,8395,U
303,206,8412,U
303,205,8429,U
303,204,8445,U
303,204,8462,U
303,203,8479,U
303,202,8495,U
303,201,8512,U
303,200,8529,U
303,199,8546,U
303,199,8562,U
303,198,8579,U
303,197,8596,U
303,196,8613,U
303,195,8629,U
303,194,8646,U
303,194,8663,U
303,193,8679,U
303,192,8696,U
303,191,8713,U
303,190,8730,U
303,189,8746,U
303,189,8763,U
303,188,8780,U
303,187,8796,U
303,186,8813,U
303,185,8830,U
303,184,8847,U
303,184,8863,U
303,183,8880,U
303,182,8897,U
303,181,8914,U
303,180,8930,U
303,179,8947,U
303,179,8964,U
303,178,8980,U
303,177,8997,U
303,176,9014,U
303,175,9030,U
303,174,9047,U
303,174,9064,U
303,173,9081,U
303,172,9097,U
303,171,9114,U
303,170,9131,U
303,169,9148,U
303,169,9164,U
303,168,9181,U
303,167,9198,U
303,166,9214,U
303,165,9231,U
303,164,9248,U
303,164,9265,U
303,163,9281,U
303,162,9298,U
303,161,9315,U
303,160,9332,U
303,159,9348,U
303,159,9365,U
303,158,9382,U
303,157,9398,U
303,156,9415,U
303,155,9432,U
303,154,9449,U
303,154,9465,UL
303,153,9482,UL
303,152,9499,UL
303,151,9515,L
303,150,9532,L
303,150,9549,L
302,150,9566,L
301,150,9582,L
300,150,9599,L
299,150,9616,L
298,150,9632,L
298,150,9649,L
297,150,9666,L
296,150,9683,L
295,150,9699,L
294,150,9716,L
293,150,9733,L
293,150,9750,L
292,150,9766,L
291,150,9783,L
290,150,9800,L
289,150,9816,L
288,150,9833,L
288,150,9850,L
287,150,9867,L
286,150,9883,L
285,150,9900,L
284,150,9917,L
283,150,9933,L
283,150,9950,L
282,150,9967,L
281,150,9984,L
280,150,10000,L
279,150,10017,L
278,150,10034,L
278,150,10051,L
277,150,10067,L
276,150,10084,L
275,150,10101,L
274,150,10117,L
273,150,10134,L
273,150,10151,L
272,150,10168,UL
271,150,10184,UL
271,149,10201,UL
271,149,10218,UL
271,148,10234,UL
271,147,10251,UL
271,146,10268,UL
271,145,10285,U
271,144,10301,U
271,144,10318,U
271,143,10335,U
271,142,10352,U
271,141,10368,U
271,140,10385,U
271,139,10402,U
271,139,10418,U
271,138,10435,U
271,137,10469,U
271,136,10485,U
271,135,10502,U
271,134,10519,U
271,134,10535,U
271,133,10552,U
271,132,10569,U
271,131,10586,U
271,130,10602,U
271,129,10619,U
271,129,10636,U
271,128,10653,U
271,127,10669,U
271,126,10686,U
271,125,10719,U
271,124,10736,U
271,124,10753,U
271,123,10770,U
271,122,10786,U
271,121,10803,U
271,120,10820,U
271,119,10836,U
271,119,10853,U
271,118,10870,U
271,117,10887,U
271,116,10903,U
271,115,10920,U
271,114,10937,U
271,114,10954,U
271,113,10970,U
271,112,10987,U
271,111,11004,U
271,110,11020,U
271,109,11037,U
271,109,11054,U
271,108,11071,U
271,107,11087,U
271,106,11104,U
271,105,11121,U
271,104,11137,U
271,104,11154,U
271,104,11171,U
271,104,11188,UL
271,104,11204,UL
271,104,11221,L
271,104,11238,L
270,104,11254,L
269,104,11271,L
268,104,11288,L
268,104,11305,L
267,104,11321,L
266,104,11338,L
265,104,11355,L
264,104,11372,L
263,104,11388,L
263,104,11405,L
262,104,11422,L
261,104,11438,L
260,104,11455,L
259,104,11472,L
258,104,11489,L
258,104,11505,L
257,104,11522,L
256,104,11539,L
255,104,11555,L
254,104,11572,L
253,104,11589,L
253,104,11606,L
252,104,11622,L
251,104,11639,L
250,104,11656,L
249,104,11672,L
248,104,11689,L
248,104,11706,L
247,104,11723,L
246,104,11739,L
245,104,11756,L
244,104,11773,L
243,104,11790,L
243,104,11806,L
242,104,11823,L
241,104,11840,L
240,104,11856,L
239,104,11873,L
238,104,11890,L
238,104,11907,L
237,104,11923,L
236,104,11940,L
235,104,11957,L
234,104,11973,L
233,104,11990,L
233,104,12007,L
232,104,12024,L
231,104,12040,L
230,104,12057,L
229,104,12074,L
228,104,12091,L
228,104,12107,L
227,104,12124,L
226,104,12141,L
225,104,12157,L
224,104,12174,L
223,104,12191,L
223,104,12208,L
222,104,12224,L
221,104,12241,L
220,104,12258,L
219,104,12274,L
218,104,12291,L
218,104,12308,L
217,104,12325,L
216,104,12341,L
215,104,12358,L
214,104,12375,L
213,104,12392,L
213,104,12408,L
212,104,12425,L
211,104,12442,L
210,104,12458,L
209,104,12475,L
208,104,12492,L
208,104,12509,L
207,104,12525,L
206,104,12542,L
205,104,12559,L
204,104,12575,L
203,104,12592,L
203,104,12609,L
202,104,12626,L
201,104,12642,L
200,104,12659,L
199,104,12676,L
198,104,12693,L
198,104,12709,L
197,104,12726,L
196,104,12743,L
195,104,12759,L
194,104,12776,L
193,104,12793,L
193,104,12810,L
192,104,12826,L
191,104,12843,L
190,104,12860,L
189,104,12876,L
188,104,12893,L
187,104,12910,L
187,104,12927,L
186,104,12943,L
185,104,12960,L
184,104,12977,L
183,104,12993,L
182,104,13010,L
182,104,13027,L
181,104,13044,L
180,104,13060,L
179,104,13077,L
178,104,13094,L
177,104,13111,L
177,104,13127,L
176,104,13144,L
175,104,13161,L
174,104,13177,L
173,104,13194,L
172,104,13211,L
172,104,13228,L
171,104,13244,L
170,104,13261,L
169,104,13278,L
168,104,13294,L
167,104,13311,L
167,104,13328,L
166,104,13345,L
165,104,13361,L
164,104,13378,L
163,104,13395,L
162,104,13412,L
162,104,13428,L
161,104,13445,L
160,104,13462,L
159,104,13478,L
158,104,13495,L
157,104,13512,L
157,104,13529,L
156,104,13545,L
155,104,13562,L
154,104,13579,L
153,104,13595,L
152,104,13612,L
152,104,13629,L
151,104,13646,L
150,104,13662,L
149,104,13679,L
148,104,13696,L
147,104,13713,L
147,104,13729,L
146,104,13746,L
145,104,13763,L
144,104,13779,L
143,104,13796,L
142,104,13813,L
142,104,13830,L
141,104,13846,L
140,104,13863,L
139,104,13880,L
138,104,13896,L
137,104,13913,L
137,104,13930,L
136,104,13947,L
135,104,13963,L
134,104,13980,L
133,104,13997,L
132,104,14014,L
132,104,14030,L
131,104,14047,L
130,104,14064,L
129,104,14080,L
128,104,14097,L
127,104,14114,L
127,104,14131,L
126,104,14147,L
125,104,14164,L
124,104,14181,L
123,104,14197,L
122,104,14214,L
122,104,14231,L
121,104,14248,L
120,104,14264,L
119,104,14281,L
118,104,14298,L
117,104,14314,L
117,104,14331,L
116,104,14348,L
115,104,14365,L
114,104,14381,L
113,104,14398,L
112,104,14415,L
112,104,14432,L
111,104,14448,L
110,104,14465,L
109,104,14482,L
108,104,14498,L
107,104,14515,L
107,104,14532,L
106,104,14549,L
105,104,14565,L
104,104,14582,L
103,104,14599,L
102,104,14616,L
102,104,14632,L
101,104,14649,L
100,104,14666,L
99,104,14682,L
98,104,14699,L
97,104,14716,L
97,104,14732,L
96,104,14749,L
95,104,14766,L
94,104,14783,L
93,104,14799,L
92,104,14816,L
92,104,14833,L
91,104,14850,L
90,104,14866,L
89,104,14883,L
88,104,14900,L
87,104,14916,L
87,104,14933,L
86,104,14950,L
85,104,14967,L
84,104,14983,L
83,104,15000,L
82,104,15017,L
82,104,15033,L
81,104,15050,L
80,104,15067,L
79,104,15084,L
78,104,15100,L
77,104,15117,L
77,104,15134,L
76,104,15151,L
75,104,15167,L
74,104,15184,L
73,104,15201,L
72,104,15217,L
72,104,15234,L
71,104,15251,L
70,104,15268,L
69,104,15284,L
68,104,15301,L
67,104,15318,L
67,104,15334,L
66,104,15351,L
65,104,15368,L
64,104,15385,L
63,104,15401,L
62,104,15418,L
62,104,15435,L
61,104,15452,L
60,104,15468,L
59,104,15485,
58,104,15502,
58,104,15518,
58,104,15535,
58,104,15552,
58,104,15569,
58,104,15585,
58,104,15602,
58,104,15619,
58,104,15635,
58,104,15652,
58,104,15669,
58,104,15686,
58,104,15702,
58,104,15719,
58,104,15736,
58,104,15753,
58,104,15769,D
58,104,15786,D
58,105,15803,D
58,106,15819,D
58,106,15836,D
58,107,15853,D
58,108,15870,D
58,109,15886,D
58,110,15903,D
58,111,15920,D
58,111,15936,D
58,112,15953,D
58,113,15970,D
58,114,15987,D
58,115,16003,D
58,116,16020,D
58,116,16037,D
58,117,16054,D
58,118,16070,D
58,119,16087,D
58,120,16104,D
58,120,16120,D
58,120,16137,D
58,120,16154,D
58,120,16171,D
58,120,16187,D
58,120,16204,D
58,120,16221,D
58,120,16237,D
58,120,16254,D
58,120,16271,D
58,120,16288,D
58,120,16304,D
58,120,16321,D
58,120,16338,D
58,120,16354,DR
58,120,16371,R
58,120,16388,R
60,120,16405,R
62,120,16421,R
63,120,16438,R
65,120,16455,R
67,120,16472,R
68,120,16488,R
70,120,16505,R
72,120,16522,R
73,120,16538,R
75,120,16555,R
77,120,16572,R
78,120,16589,R
80,120,16605,R
82,120,16622,R
83,120,16639,R
85,120,16655,R
87,120,16672,R
88,120,16689,R
90,120,16706,R
92,120,16722,R
93,120,16739,R
95,120,16756,R
97,120,16773,R
98,120,16789,R
100,120,16806,R
102,120,16823,R
103,120,16839,R
105,120,16856,R
107,120,16873,R
108,120,16890,R
110,120,16906,R
112,120,16923,R
113,120,16940,R
115,120,16957,R
117,120,16973,R
118,120,16990,R
120,120,17007,R
122,120,17023,R
123,120,17040,R
125,120,17057,R
127,120,17074,R
128,120,17090,R
130,120,17107,R
132,120,17124,R
133,120,17140,R
135,120,17157,R
137,120,17174,R
138,120,17191,R
140,120,17207,R
142,120,17224,R
143,120,17241,R
145,120,17257,R
147,120,17274,R
148,120,17291,R
150,120,17308,R
152,120,17324,R
153,120,17341,R
155,120,17358,R
157,120,17375,R
158,120,17391,R
160,120,17408,R
162,120,17425,R
163,120,17441,R
165,120,17458,R
167,120,17475,R
168,120,17492,R
170,120,17508,R
172,120,17525,R
173,120,17542,R
175,120,17558,R
177,120,17575,R
178,120,17592,R
180,120,17609,R
182,120,17625,R
183,120,17642,R
185,120,17659,R
187,120,17676,R
188,120,17692,R
190,120,17709,R
192,120,17726,R
193,120,17742,R
195,120,17759,R
197,120,17776,R
198,120,17793,R
200,120,17809,R
202,120,17826,R
203,120,17843,R
205,120,17859,R
207,120,17876,R
208,120,17893,R
210,120,17910,R
212,120,17926,R
213,120,17943,R
215,120,17960,R
217,120,17976,R
218,120,17993,R
220,120,18010,R
222,120,18027,R
223,120,18043,R
225,120,18060,R
227,120,18077,R
228,120,18093,R
230,120,18110,R
232,120,18127,R
233,120,18144,R
235,120,18160,R
237,120,18177,R
238,120,18194,R
240,120,18211,R
242,120,18227,R
243,120,18244,R
245,120,18261,DR
247,120,18277,DR
247,122,18294,DR
247,123,18311,DR
247,125,18328,DR
247,127,18344,DR
247,128,18361,DR
247,130,18378,DR
247,132,18395,DR
247,133,18411,DR
247,135,18428,DR
247,137,18445,DR
247,138,18461,D
247,140,18478,D
247,142,18495,D
247,143,18512,D
247,145,18528,D
247,147,18545,D
247,148,18562,D
247,150,18578,D
247,152,18595,DR
247,152,18612,DR
247,152,18629,DR
247,152,18645,R
247,152,18662,R
248,152,18679,R
250,152,18695,R
252,152,18712,R
253,152,18729,R
255,152,18746,R
257,152,18762,R
258,152,18779,R
260,152,18796,R
262,152,18813,R
263,152,18829,R
265,152,18846,R
267,152,18863,R
268,152,18879,R
270,152,18896,R
272,152,18913,R
273,152,18930,R
275,152,18946,R
277,152,18963,R
278,152,18980,R
280,152,18996,R
282,152,19013,R
283,152,19030,R
285,152,19047,R
287,152,19063,R
288,152,19080,R
290,152,19097,DR
292,152,19114,DR
292,154,19130,DR
292,155,19147,DR
292,157,19164,DR
292,159,19180,DR
292,160,19197,DR
292,162,19214,DR
292,164,19231,DR
292,165,19247,DR
292,167,19264,DR
292,169,19281,DR
292,170,19297,DR
292,172,19314,DR
292,174,19331,R
292,175,19348,R
293,175,19364,R
295,175,19381,R
297,175,19398,R
298,175,19414,R
300,175,19431,R
302,175,19448,R
303,175,19465,R
305,175,19481,R
307,175,19498,UR
308,175,19515,UR
308,174,19532,UR
308,172,19548,UR
308,170,19565,UR
308,169,19582,UR
308,167,19598,UR
308,165,19615,UR
308,164,19632,UR
308,162,19649,UR
308,160,19665,UR
308,159,19682,UR
308,157,19699,UR
308,155,19716,UR
308,154,19732,UR
308,152,19749,UR
308,150,19766,UR
308,149,19782,R
308,147,19799,R
310,147,19816,R
312,147,19833,R
313,147,19849,R
315,147,19866,R
317,147,19883,R
318,147,19899,R
320,147,19916,R
322,147,19933,R
323,147,19950,R
325,147,19966,R
327,147,19983,R
328,147,20000,R
330,147,20016,R
332,147,20033,R
333,147,20050,R
335,147,20067,R
337,147,20083,R
338,147,20100,R
340,147,20117,R
342,147,20134,R
343,147,20150,R
345,147,20167,R
347,147,20184,R
348,147,20200,R
350,147,20217,R
352,147,20234,R
353,147,20251,R
355,147,20267,R
357,147,20284,R
358,147,20301,R
360,147,20317,R
362,147,20334,R
363,147,20351,R
365,147,20368,R
367,147,20384,R
368,147,20401,R
370,147,20418,R
372,147,20435,R
373,147,20451,R
375,147,20468,R
377,147,20485,R
378,147,20501,R
380,147,20518,R
382,147,20535,R
383,147,20552,R
385,147,20568,R
387,147,20585,R
388,147,20602,R
390,147,20618,R
392,147,20635,R
393,147,20652,R
395,147,20669,R
397,147,20685,R
398,147,20702,R
400,147,20719,R
402,147,20736,R
403,147,20752,R
405,147,20769,R
407,147,20786,R
408,147,20802,R
410,147,20819,R
412,147,20836,R
413,147,20853,R
415,147,20869,R
417,147,20886,R
418,147,20903,R
420,147,20919,R
422,147,20936,R
423,147,20953,R
425,147,20970,R
427,147,20986,R
428,147,21003,R
430,147,21020,R
432,147,21037,R
433,147,21053,R
435,147,21070,R
437,147,21087,R
438,147,21103,R
440,147,21120,R
440,147,21137,UR
440,147,21154,UR
440,145,21170,UR
440,144,21187,UR
440,142,21204,UR
440,140,21220,UR
440,139,21237,UR
440,137,21254,UR
440,135,21271,UR
440,134,21287,UR
440,132,21304,UR
440,130,21321,R
440,129,21337,R
440,129,21354,R
440,129,21371,R
440,129,21388,R
440,129,21404,R
440,129,21421,R
440,129,21438,R
440,129,21455,R
440,129,21471,R
440,129,21488,R
440,129,21505,R
440,129,21521,R
440,129,21538,R
440,129,21555,R
440,129,21572,R
440,129,21588,R
440,129,21605,R
440,129,21622,R
440,129,21638,R
440,129,21655,UR
440,129,21672,UR
440,127,21689,UR
440,125,21705,UR
440,124,21722,UR
440,122,21739,UR
440,120,21756,UR
440,119,21772,UR
440,117,21789,R
440,115,21806,R
442,115,21822,R
443,115,21839,R
445,115,21856,R
447,115,21873,R
448,115,21889,R
450,115,21906,R
452,115,21923,R
453,115,21939,R
455,115,21956,R
457,115,21973,R
458,115,21990,R
460,115,22006,R
462,115,22023,R
463,115,22040,R
465,115,22056,R
467,115,22073,R
468,115,22090,R
470,115,22107,R
472,115,22123,R
473,115,22140,R
475,115,22157,R
477,115,22174,R
478,115,22190,R
480,115,22207,R
482,115,22224,R
483,115,22240,R
485,115,22257,R
487,115,22274,R
488,115,22291,R
490,115,22307,R
492,115,22324,R
493,115,22341,R
495,115,22357,R
497,115,22374,R
498,115,22391,R
500,115,22408,R
502,115,22424,R
503,115,22441,R
505,115,22458,R
507,115,22475,R
508,115,22491,R
510,115,22508,R
512,115,22525,R
513,115,22541,R
515,115,22558,R
517,115,22575,UR
518,115,22592,UR
518,114,22608,UR
518,112,22625,UR
518,110,22642,UR
518,109,22658,UR
518,107,22675,UR
518,105,22692,UR
518,104,22709,UR
518,104,22725,UR
518,104,22742,UR
518,104,22759,R
518,104,22776,R
520,104,22792,R
522,104,22809,R
523,104,22826,R
525,104,22842,R
527,104,22859,R
528,104,22876,R
530,104,22893,UR
532,104,22909,UR
532,102,22926,UR
532,101,22943,UR
532,99,22959,UR
532,97,22976,UR
532,96,22993,UR
532,94,23010,R
532,92,23026,R
533,92,23043,R
535,92,23060,R
536,92,23076,R
536,92,23093,R
536,92,23110,R
536,92,23127,R
536,92,23143,UR
536,92,23160,UR
536,91,23177,UR
536,89,23194,UR
536,87,23210,UR
536,86,23227,UR
536,84,23244,UR
536,82,23260,R
536,81,23277,R
538,81,23294,R
539,81,23311,R
541,81,23327,R
543,81,23344,R
544,81,23361,R
546,81,23378,UR
548,81,23394,UR
548,79,23411,UR
548,77,23428,UR
548,76,23444,UR
548,74,23461,UR
548,72,23478,UR
548,72,23495,UR
548,72,23511,R
548,72,23528,R
549,72,23545,R
551,72,23561,R
553,72,23578,R
554,72,23595,R
556,72,23612,R
558,72,23628,R
559,72,23645,R
561,72,23662,R
563,72,23678,R
564,72,23695,R
566,72,23712,R
568,72,23729,R
568,72,23745,R
568,72,23762,R
568,72,23779,R
568,72,23796,UR
568,72,23812,UR
568,70,23829,UR
568,69,23846,UR
568,67,23862,UR
568,65,23879,R
568,64,23896,R
568,64,23913,R
568,64,23929,R
568,64,23946,R
568,64,23963,R
568,64,23979,R
568,64,23996,R
568,64,24013,R
568,64,24030,R
568,64,24046,R
568,64,24063,R
568,64,24080,R
568,64,24097,R
568,64,24113,R
568,64,24130,R
568,64,24147,
568,64,24163,
568,64,24180,
568,64,24197,
568,64,24214,U
568,64,24230,U
568,62,24247,U
568,60,24264,U
568,59,24280,U
568,57,24297,U
568,55,24314,U
568,54,24331,U
568,52,24347,U
568,50,24364,U
568,49,24381,U
568,47,24397,U
568,45,24414,U
568,44,24431,U
568,42,24448,U
568,40,24464,U
568,40,24481,U
568,40,24498,U
568,40,24515,U
568,40,24531,U
568,40,24548,U
568,40,24565,UL
568,40,24581,L
568,40,24598,L
566,40,24615,L
565,40,24632,L
563,40,24648,L
561,40,24665,L
560,40,24682,L
558,40,24698,L
556,40,24715,L
555,40,24732,L
553,40,24749,L
552,40,24765,L
552,40,24782,L
552,40,24799,L
552,40,24816,L
552,40,24832,U
552,40,24849,D
552,40,24866,D
552,40,24882,D
552,42,24899,D
552,43,24916,D
552,45,24933,D
552,47,24949,D
552,48,24966,D
552,50,24983,D
552,52,24999,D
552,53,25016,D
552,55,25033,D
552,57,25050,D
552,58,25066,D
552,60,25083,D
552,62,25100,D
552,63,25116,D
552,65,25133,D
552,67,25150,D
552,68,25167,D
552,70,25183,D
552,72,25200,D
552,73,25217,D
552,75,25234,D
552,77,25250,D
552,78,25267,D
552,80,25284,DL
552,82,25300,DL
552,83,25317,DL
552,85,25334,DL
552,87,25351,L
552,88,25367,L
550,88,25384,L
549,88,25401,L
547,88,25417,L
545,88,25434,L
544,88,25451,L
542,88,25468,L
540,88,25484,L
539,88,25501,L
537,88,25518,L
535,88,25535,L
534,88,25551,L
532,88,25568,L
530,88,25585,L
529,88,25601,DL
527,88,25618,DL
527,90,25635,DL
527,91,25652,DL
527,93,25668,DL
527,95,25685,D
527,96,25702,D
527,98,25718,D
527,100,25735,D
527,101,25752,D
527,103,25769,D
527,105,25785,D
527,106,25802,D
527,108,25819,DL
527,110,25836,DL
527,111,25852,DL
527,113,25869,L
527,115,25886,L
525,115,25902,L
524,115,25919,L
522,115,25936,L
520,115,25953,L
519,115,25969,L
517,115,25986,L
515,115,26003,L
514,115,26019,DL
512,115,26036,DL
512,116,26053,DL
512,118,26070,D
512,120,26086,D
512,120,26103,D
512,120,26120,D
512,120,26137,D
512,120,26153,DL
512,120,26170,DL
512,120,26187,DL
512,120,26203,L
512,120,26220,L
510,120,26237,L
509,120,26254,L
507,120,26270,L
505,120,26287,L
504,120,26304,L
502,120,26320,L
500,120,26337,L
499,120,26354,L
497,120,26371,L
495,120,26387,L
494,120,26404,L
492,120,26421,L
490,120,26437,L
489,120,26454,L
487,120,26471,L
485,120,26488,L
484,120,26504,L
482,120,26521,L
480,120,26538,L
479,120,26555,L
477,120,26571,L
475,120,26588,L
474,120,26605,L
472,120,26621,L
470,120,26638,L
469,120,26655,L
467,120,26672,L
465,120,26688,L
464,120,26705,L
462,120,26722,L
460,120,26738,L
459,120,26755,L
457,120,26772,L
455,120,26789,L
454,120,26805,L
452,120,26822,L
450,120,26839,L
449,120,26856,L
447,120,26872,L
445,120,26889,L
444,120,26906,L
442,120,26922,L
440,120,26939,L
439,120,26956,L
437,120,26973,DL
435,120,26989,DL
435,122,27006,DL
435,123,27023,DL
435,125,27039,DL
435,127,27056,DL
435,128,27073,DL
435,130,27090,DL
435,132,27106,DL
435,133,27123,DL
435,135,27140,D
435,137,27157,D
435,138,27173,D
435,140,27190,D
435,142,27207,D
435,143,27223,D
435,145,27240,D
435,147,27257,D
435,148,27274,D
435,150,27290,D
435,152,27307,D
435,153,27324,D
435,155,27340,D
435,157,27357,D
435,158,27374,D
435,160,27391,D
435,162,27407,D
435,163,27424,D
435,165,27441,D
435,167,27457,D
435,168,27474,D
435,170,27491,D
435,172,27508,D
435,173,27524,D
435,175,27541,D
435,177,27558,D
435,178,27575,D
435,180,27591,D
435,182,27608,D
435,183,27625,D
435,185,27641,D
435,187,27658,D
435,188,27675,D
435,190,27692,D
435,192,27708,D
435,193,27725,D
435,195,27742,D
435,197,27759,D
435,198,27775,D
435,200,27809,D
435,202,27825,D
435,203,27842,D
435,205,27859,D
435,207,27876,D
435,208,27892,D
435,210,27909,D
435,212,27926,D
435,213,27942,D
435,215,27959,D
435,217,27976,D
435,218,28009,D
435,220,28026,D
435,222,28043,D
435,223,28059,D
435,225,28076,D
435,227,28093,D
435,228,28110,D
435,230,28126,D
435,232,28143,D
435,233,28160,D
435,235,28177,D
435,237,28193,D
435,238,28210,D
435,240,28227,D
435,242,28243,D
435,243,28260,D
435,245,28277,D
435,247,28294,D
435,248,28310,D
435,250,28327,D
435,252,28344,D
435,253,28360,D
435,255,28377,D
435,257,28394,D
435,258,28411,D
435,260,28427,D
435,262,28444,D
435,263,28461,D
435,265,28478,D
435,267,28494,D
435,268,28511,D
435,270,28528,D
435,272,28544,D
435,273,28561,D
435,275,28578,D
435,277,28595,D
435,278,28611,D
435,280,28628,D
435,282,28645,D
435,283,28661,D
435,285,28678,D
435,287,28695,D
435,288,28712,D
435,290,28728,D
435,292,28745,D
435,293,28762,D
435,295,28779,D
435,297,28795,D
435,298,28812,D
435,300,28829,D
435,302,28845,D
435,303,28862,D
435,305,28879,D
435,307,28896,D
435,308,28912,D
435,310,28929,D
435,312,28946,D
435,313,28962,D
435,315,28979,D
435,317,28996,D
435,318,29013,D
435,320,29029,D
435,322,29046,D
435,323,29063,D
435,325,29079,D
435,327,29096,DR
435,328,29113,DR
435,330,29130,DR
435,332,29146,R
435,333,29163,R
437,333,29180,R
439,333,29197,R
440,333,29213,R
442,333,29230,R
444,333,29247,R
445,333,29263,R
447,333,29280,R
449,333,29297,R
450,333,29314,R
452,333,29330,R
454,333,29347,R
455,333,29364,R
457,333,29380,R
459,333,29397,R
460,333,29414,R
462,333,29431,R
464,333,29447,R
465,333,29464,R
467,333,29481,R
469,333,29498,R
470,333,29514,R
472,333,29531,R
474,333,29548,R
475,333,29564,R
477,333,29581,R
479,333,29598,R
480,333,29615,R
482,333,29631,R
484,333,29648,R
485,333,29665,R
487,333,29681,R
489,333,29698,R
490,333,29715,R
492,333,29732,R
494,333,29748,R
495,333,29765,R
497,333,29782,R
499,333,29798,R
500,333,29815,R
502,333,29832,R
504,333,29849,R
505,333,29865,R
507,333,29882,R
509,333,29899,R
510,333,29916,R
512,333,29932,R
514,333,29949,R
515,333,29966,R
517,333,29982,R
519,333,29999,R
520,333,30016,R
522,333,30033,R
524,333,30049,R
525,333,30066,R
527,333,30083,R
529,333,30100,R
530,333,30116,R
532,333,30133,
534,333,30150,
534,333,30166,
534,333,30183,
534,333,30200,
534,333,30217,
534,333,30233,
534,333,30250,
534,333,30267,
534,333,30283,
534,333,30300,
534,333,30317,
534,333,30334,
534,333,30350,
534,333,30367,
534,333,30384,
534,333,30400,
534,333,30417,
534,333,30434,
534,333,30451,
534,333,30467,
534,333,30484,
534,333,30501,
534,333,30518,
534,333,30534,
534,333,30551,
534,333,30568,
534,333,30584,
534,333,30635,
534,333,30651,
534,333,30668,
534,333,30685,
534,333,30701,
534,333,30718,
534,333,30735,
534,333,30752,
534,333,30768,
534,333,30785,
534,333,30802,
534,333,30819,
534,333,30835,
534,333,30852,
534,333,30869,
534,333,30885,
534,333,30902,
534,333,30919,
534,333,30936,
534,333,30952,
534,333,30969,
534,333,30986,
534,333,31002,
534,333,31019,
534,333,31036,
534,333,31053,
534,333,31069,
534,333,31086,
534,333,31103,
534,333,31119,
534,333,31136,
534,333,31153,
534,333,31170,
534,333,31186,
534,333,31203,
534,333,31220,
534,333,31237,
534,333,31253,
534,333,31270,
534,333,31287,
534,333,31303,
534,333,31320,
534,333,31337,
534,333,31354,
534,333,31370,
534,333,31387,
534,333,31404,
534,333,31420,
534,333,31437,
534,333,31454,
534,333,31471,
534,333,31487,
534,333,31504,
534,333,31521,
534,333,31538,
534,333,31554,
534,333,31571,
534,333,31588,
534,333,31604,
534,333,31621,
534,333,31638,
534,333,31655,
534,333,31671,
534,333,31688,
534,333,31705,
534,333,31721,
534,333,31738,
534,333,31755,
534,333,31772,
534,333,31788,
534,333,31805,
534,333,31822,
534,333,31839,
534,333,31855,
534,333,31872,
534,333,31889,
534,333,31905,
534,333,31922,
534,333,31939,
534,333,31956,
534,333,31972,
534,333,31989,
534,333,32006,
534,333,32022,
534,333,32039,
534,333,32056,
534,333,32073,
534,333,32089,R
534,333,32106,R
535,333,32123,R
537,333,32139,R
539,333,32156,R
540,333,32173,R
542,333,32190,R
544,333,32206,R
545,333,32223,R
547,333,32240,R
549,333,32257,R
550,333,32273,R
552,333,32290,R
554,333,32307,R
555,333,32323,R
557,333,32340,R
559,333,32357,R
560,333,32374,R
562,333,32390,R
564,333,32407,R
565,333,32424,R
567,333,32440,R
569,333,32457,R
570,333,32474,R
572,333,32491,R
574,333,32507,R
575,333,32524,R
577,333,32541,R
579,333,32558,R
580,333,32574,R
582,333,32591,R
584,333,32608,R
585,333,32624,R
587,333,32641,R
589,333,32658,R
590,333,32675,R
592,333,32691,R
594,333,32708,R
595,333,32725,R
597,333,32741,R
599,333,32758,R
600,333,32775,R
602,333,32792,R
604,333,32808,R
605,333,32825,R
607,333,32842,R
609,333,32859,R
610,333,32875,R
612,333,32892,R
614,333,32909,R
615,333,32925,R
617,333,32942,R
619,333,32959,R
620,333,32976,R
622,333,32992,R
624,333,33009,R
625,333,33026,UR
627,333,33042,UR
627,332,33059,U
627,330,33076,U
627,328,33093,U
627,327,33109,U
627,325,33126,U
627,323,33143,U
627,322,33160,U
627,320,33176,U
627,318,33193,U
627,317,33210,U
627,315,33226,U
627,313,33243,U
627,312,33260,U
627,310,33277,U
627,308,33293,U
627,307,33310,U
627,305,33327,U
627,303,33343,U
627,302,33360,U
627,300,33377,U
627,298,33394,U
627,297,33410,U
627,295,33427,U
627,293,33444,U
627,292,33460,U
627,290,33477,U
627,288,33494,U
627,287,33511,U
627,285,33527,U
627,283,33544,U
627,282,33561,U
627,280,33578,U
627,278,33594,U
627,277,33611,U
627,275,33628,U
627,273,33644,U
627,272,33661,U
627,270,33678,U
627,268,33695,U
627,267,33711,U
627,265,33728,U
627,263,33745,U
627,262,33761,U
627,260,33778,U
627,258,33795,U
627,257,33812,U
627,255,33828,U
627,253,33845,U
627,252,33862,U
627,250,33879,U
627,248,33895,U
627,247,33912,U
627,245,33929,U
627,243,33945,U
627,242,33962,U
627,240,33979,U
627,238,33996,U
627,237,34012,U
627,235,34029,U
627,233,34046,U
627,232,34062,U
627,230,34079,U
627,228,34096,U
627,227,34113,U
627,225,34129,U
627,223,34146,U
627,222,34163,U
627,220,34179,U
627,218,34196,U
627,217,34213,U
627,215,34230,U
627,213,34246,U
627,212,34263,U
627,210,34280,U
627,208,34297,U
627,207,34313,U
627,205,34330,U
627,203,34347,U
627,202,34363,U
627,200,34380,U
627,198,34397,U
627,197,34414,U
627,195,34430,U
627,193,34447,U
627,192,34464,U
627,190,34480,U
627,188,34497,U
627,187,34514,U
627,185,34531,U
627,183,34547,U
627,182,34564,U
627,180,34581,U
627,178,34598,U
627,177,34614,U
627,175,34631,U
627,173,34648,U
627,172,34664,U
627,170,34681,U
627,168,34698,U
627,167,34715,U
627,165,34731,U
627,163,34748,U
627,162,34765,U
627,160,34782,U
627,158,34798,U
627,157,34815,U
627,155,34832,U
627,153,34848,U
627,152,34865,U
627,150,34882,U
627,148,34899,U
627,147,34915,U
627,145,34932,U
627,143,34949,U
627,142,34965,U
627,140,34982,U
627,138,34999,U
627,137,35016,U
627,135,35032,U
627,133,35049,U
627,132,35066,U
627,130,35082,U
627,128,35099,U
627,127,35116,U
627,125,35133,U
627,123,35149,U
627,122,35166,U
627,120,35183,U
627,118,35200,U
627,117,35216,U
627,115,35233,U
627,113,35250,U
627,112,35266,U
627,110,35283,U
627,108,35300,U
627,107,35317,U
627,105,35333,U
627,103,35350,U
627,102,35367,U
627,100,35383,U
627,98,35400,U
627,97,35417,U
627,95,35434,U
627,93,35450,U
627,92,35467,U
627,90,35484,U
627,88,35500,U
627,87,35517,U
627,85,35534,U
627,83,35551,U
627,82,35567,U
627,80,35584,U
627,78,35601,U
627,77,35618,U
627,75,35634,U
627,73,35651,U
627,72,35668,U
627,70,35684,U
627,68,35701,U
627,67,35718,U
627,65,35735,U
627,63,35751,U
627,62,35768,U
627,60,35785,U
627,58,35801,U
627,57,35818,U
627,55,35835,U
627,53,35852,U
627,52,35868,U
627,50,35885,U
627,48,35902,U
627,47,35919,U
627,45,35935,U
627,43,35952,U
627,42,35969,U
627,40,35985,U
627,40,36002,U
627,40,36019,U
627,40,36036,U
627,40,36052,U
627,40,36069,U
627,40,36086,U
627,40,36102,U
627,40,36119,U
627,40,36136,U
627,40,36153,U
627,40,36169,U
627,40,36186,U
627,40,36203,U
627,40,36220,U
627,40,36236,U
627,40,36253,U
627,40,36270,U
627,40,36286,UD
627,40,36303,UD
627,40,36320,UD
627,40,36337,UD
627,40,36353,D
627,40,36370,D
627,42,36387,D
627,43,36403,D
627,45,36420,D
627,47,36437,D
627,48,36454,D
627,50,36470,D
627,52,36487,D
627,53,36504,D
627,55,36520,D
627,57,36537,D
627,58,36554,D
627,60,36571,D
627,62,36587,D
627,63,36604,D
627,65,36621,D
627,67,36638,D
627,68,36654,D
627,70,36671,D
627,72,36688,D
627,73,36704,D
627,75,36721,D
627,77,36738,D
627,78,36755,D
627,80,36771,D
627,82,36788,D
627,83,36805,D
627,85,36821,D
627,87,36838,D
627,88,36855,D
627,90,36872,D
627,92,36888,D
627,93,36905,D
627,95,36922,D
627,97,36939,D
627,98,36955,D
627,100,36972,D
627,102,36989,D
627,103,37005,D
627,105,37022,D
627,107,37039,D
627,108,37056,D
627,110,37072,D
627,112,37089,D
627,113,37106,D
627,115,37122,D
627,117,37139,D
627,118,37156,D
627,120,37173,D
627,122,37189,D
627,123,37206,D
627,125,37223,D
627,127,37239,D
627,128,37256,D
627,130,37273,D
627,132,37290,D
627,133,37306,D
627,135,37323,D
627,137,37340,D
627,138,37357,D
627,140,37373,D
627,142,37390,D
627,143,37407,D
627,145,37423,D
627,147,37440,D
627,148,37457,D
627,150,37474,D
627,152,37490,D
627,153,37507,D
627,155,37524,D
627,157,37540,D
627,158,37557,D
627,160,37574,D
627,162,37591,D
627,163,37607,D
627,165,37624,D
627,167,37641,D
627,168,37658,D
627,170,37674,D
627,172,37691,D
627,173,37708,D
627,175,37724,D
627,177,37741,D
627,178,37758,D
627,180,37775,D
627,182,37791,D
627,183,37808,D
627,185,37825,D
627,187,37842,D
627,188,37858,D
627,190,37875,D
627,192,37892,D
627,193,37908,D
627,195,37925,D
627,197,37942,D
627,198,37959,D
627,200,37975,D
627,202,37992,D
627,203,38009,D
627,205,38025,D
627,207,38042,D
627,208,38059,
627,210,38076,
627,210,38092,
627,210,38109,
627,210,38126,
627,210,38143,
627,210,38159,
627,210,38176,
627,210,38193,
627,210,38209,
627,210,38226,d
627,210,38243,d
627,212,38260,d
627,213,38276,d
627,215,38293,d
627,217,38310,d
627,218,38326,d
627,220,38343,d
627,222,38360,d
627,223,38377,d
627,225,38393,d
627,227,38410,d
627,228,38427,d
627,230,38443,d
627,232,38460,d
627,233,38477,d
627,235,38494,d
627,237,38510,d
627,238,38527,d
627,240,38544,d
627,242,38561,d
627,243,38577,d
627,245,38594,d
627,247,38611,d
627,248,38627,d
627,250,38644,d
627,252,38661,d
627,253,38678,d
627,255,38694,d
627,257,38711,d
627,258,38728,d
627,260,38744,d
627,262,38761,d
627,263,38778,d
627,265,38795,d
627,267,38811,d
627,268,38828,d
627,270,38845,d
627,272,38861,d
627,273,38878,d
627,275,38895,d
627,277,38912,d
627,278,38928,d
627,280,38945,d
627,282,38962,d
627,283,38979,d
627,285,38995,d
627,287,39012,d
627,288,39029,d
627,290,39045,d
627,292,39062,d
627,293,39079,d
627,295,39096,d
627,297,39112,d
627,298,39129,d
627,300,39146,d
627,302,39162,d
627,303,39179,d
627,305,39196,d
627,307,39213,d
627,308,39229,d
627,310,39246,d
627,312,39263,d
627,313,39280,d
627,315,39296,d
627,317,39313,d
627,318,39330,d
627,320,39346,d
627,322,39363,d
627,323,39380,d
627,325,39397,d
627,327,39413,d
627,328,39430,d
627,330,39447,d
627,332,39463,d
627,333,39480,d
627,335,39497,dl
627,337,39514,dl
627,338,39530,l
627,340,39547,l
625,340,39564,l
624,340,39581,l
622,340,39597,l
620,340,39614,l
619,340,39631,l
617,340,39647,l
615,340,39664,l
614,340,39681,l
612,340,39698,l
610,340,39714,l
609,340,39731,l
607,340,39748,l
605,340,39764,l
604,340,39781,l
602,340,39798,l
600,340,39815,l
599,340,39831,l
597,340,39848,l
595,340,39865,l
594,340,39882,l
592,340,39898,l
590,340,39915,l
589,340,39932,l
587,340,39948,l
585,340,39965,l
584,340,39982,l
582,340,39999,l
580,340,40015,l
579,340,40032,l
577,340,40049,l
575,340,40065,l
574,340,40082,l
572,340,40099,l
570,340,40116,l
569,340,40132,l
567,340,40149,l
565,340,40166,l
564,340,40182,l
562,340,40199,l
560,340,40216,l
559,340,40233,l
557,340,40249,l
555,340,40266,l
554,340,40283,l
552,340,40300,l
550,340,40316,l
549,340,40333,l
547,340,40350,l
545,340,40366,l
544,340,40383,l
542,340,40400,l
540,340,40417,l
539,340,40433,l
537,340,40450,l
535,340,40467,l
534,340,40484,l
532,340,40500,l
530,340,40517,l
529,340,40534,l
527,340,40550,l
525,340,40567,l
524,340,40584,l
522,340,40600,l
520,340,40617,l
519,340,40634,l
517,340,40651,l
515,340,40667,l
514,340,40684,l
512,340,40701,l
510,340,40718,l
509,340,40734,l
507,340,40751,l
505,340,40768,l
504,340,40784,l
502,340,40801,l
500,340,40818,l
499,340,40835,l
497,340,40851,l
495,340,40868,l
494,340,40885,l
492,340,40902,l
490,340,40918,l
489,340,40935,l
487,340,40952,l
485,340,40968,l
484,340,40985,l
482,340,41002,l
480,340,41019,l
479,340,41035,l
477,340,41052,l
475,340,41069,l
474,340,41085,l
472,340,41102,l
470,340,41119,l
469,340,41136,l
467,340,41152,l
465,340,41169,l
464,340,41186,l
462,340,41202,l
460,340,41219,l
459,340,41236,l
457,340,41253,l
455,340,41269,l
454,340,41286,l
452,340,41303,l
450,340,41320,l
449,340,41336,l
447,340,41353,l
445,340,41370,l
444,340,41386,l
442,340,41403,l
440,340,41420,l
439,340,41437,l
437,340,41453,l
435,340,41470,l
434,340,41487,l
432,340,41503,l
430,340,41520,l
429,340,41537,l
427,340,41554,l
425,340,41570,l
424,340,41587,l
422,340,41604,l
420,340,41621,l
419,340,41637,l
417,340,41654,l
415,340,41671,l
414,340,41687,l
412,340,41704,l
410,340,41721,l
409,340,41738,l
407,340,41754,l
405,340,41771,l
404,340,41788,l
402,340,41804,l
400,340,41821,l
399,340,41838,l
397,340,41855,l
395,340,41871,l
394,340,41888,l
392,340,41905,dl
390,340,41922,dl
390,342,41938,dl
390,343,41955,dl
390,345,41972,dl
390,347,41988,d
390,348,42005,d
390,350,42022,d
390,352,42039,d
390,353,42055,d
390,355,42072,d
390,357,42089,d
390,358,42105,d
390,360,42122,d
390,362,42139,d
390,363,42156,d
390,365,42172,d
390,367,42189,d
390,368,42206,d
390,370,42222,d
390,372,42239,d
390,373,42256,d
390,375,42273,d
390,377,42289,d
390,378,42306,d
390,380,42323,d
390,382,42340,d
390,383,42356,d
390,385,42373,d
390,387,42390,d
390,388,42406,d
390,390,42423,d
390,392,42440,d
390,393,42457,d
390,395,42473,d
390,397,42490,d
390,398,42507,d
390,400,42523,d
390,402,42540,d
390,403,42557,d
390,405,42574,d
390,407,42590,d
390,408,42607,d
390,410,42624,d
390,412,42641,d
390,413,42657,d
390,415,42674,d
390,417,42691,d
390,418,42707,d
390,420,42724,d
390,422,42741,d
390,423,42758,d
390,425,42774,d
390,427,42791,d
390,428,42808,d
390,430,42824,d
390,432,42841,d
390,433,42858,d
390,435,42875,d
390,437,42891,d
390,438,42908,d
390,440,42925,d
390,442,42942,d
390,443,42958,d
390,445,42975,d
390,447,42992,d
390,448,43008,d
390,450,43025,d
390,452,43042,d
390,453,43059,d
390,455,43075,d
390,457,43092,d
390,458,43109,d
390,460,43125,d
390,462,43142,d
390,463,43159,d
390,465,43176,d
390,467,43192,d
390,468,43209,d
390,470,43226,d
390,472,43243,d
390,472,43259,d
390,472,43276,d
390,472,43293,d
390,472,43309,d
390,472,43326,d
390,472,43343,d
390,472,43360,d
390,472,43376,d
390,472,43393,d
390,472,43410,d
390,472,43426,d
390,472,43443,d
390,472,43460,d
390,472,43477,dr
390,472,43493,r
390,472,43510,r
392,472,43527,r
394,472,43543,r
395,472,43560,r
397,472,43577,r
399,472,43594,r
400,472,43610,r
402,472,43627,r
404,472,43644,r
405,472,43661,r
407,472,43677,r
408,472,43694,r
408,472,43711,r
408,472,43727,r
408,472,43744,r
408,472,43761,r
408,472,43778,r
408,472,43794,r
408,472,43811,r
408,472,43828,r
408,472,43844,r
408,472,43861,r
408,472,43878,dr
408,472,43895,dr
408,474,43911,dr
408,475,43928,dr
408,477,43945,dr
408,479,43962,dr
408,480,43978,dr
408,482,43995,dr
408,484,44012,dr
408,485,44028,dr
408,487,44045,dr
408,489,44062,d
408,490,44079,d
408,492,44095,d
408,494,44112,d
408,495,44129,d
408,497,44145,d
408,499,44162,d
408,500,44179,d
408,502,44196,d
408,504,44212,d
408,505,44229,d
408,507,44246,d
408,509,44262,d
408,510,44279,d
408,512,44296,d
408,514,44313,d
408,515,44329,d
408,517,44346,d
408,519,44363,d
408,520,44380,d
408,522,44396,d
408,524,44413,d
408,525,44430,d
408,527,44446,d
408,529,44463,d
408,530,44480,d
408,532,44497,d
408,534,44513,d
408,535,44530,d
408,537,44547,d
408,539,44563,d
408,540,44580,d
408,542,44597,d
408,544,44614,d
408,545,44630,d
408,547,44647,d
408,549,44664,d
408,550,44681,d
408,552,44697,d
408,554,44714,d
408,555,44731,d
408,557,44747,d
408,559,44764,d
408,560,44781,d
408,562,44798,d
408,564,44814,d
408,565,44831,d
408,567,44848,d
408,569,44865,d
408,570,44881,d
408,572,44898,d
408,574,44915,d
408,575,44931,d
408,577,44948,d
408,579,44965,d
408,580,44982,d
408,582,44998,d
408,584,45015,dl
408,585,45032,l
408,587,45048,l
406,587,45065,l
405,587,45082,l
403,587,45099,l
401,587,45115,l
400,587,45132,l
398,587,45149,l
396,587,45165,l
395,587,45182,l
393,587,45199,l
391,587,45216,l
390,587,45232,l
388,587,45249,l
386,587,45266,l
385,587,45282,l
383,587,45299,l
381,587,45316,l
380,587,45333,l
378,587,45349,l
376,587,45366,l
375,587,45383,l
373,587,45400,l
371,587,45416,l
370,587,45433,l
368,587,45450,l
366,587,45466,l
365,587,45483,l
363,587,45500,l
361,587,45517,l
360,587,45533,l
358,587,45550,l
356,587,45567,l
355,587,45584,l
353,587,45600,l
351,587,45617,l
350,587,45634,l
348,587,45650,l
346,587,45667,l
345,587,45684,l
343,587,45701,l
341,587,45717,l
340,587,45734,l
338,587,45751,l
336,587,45767,l
335,587,45784,l
333,587,45801,l
331,587,45818,l
330,587,45834,l
328,587,45851,r
328,587,45868,r
330,587,45884,r
331,587,45901,r
333,587,45918,r
335,587,45935,r
336,587,45951,r
338,587,45968,r
340,587,45985,r
341,587,46002,r
343,587,46018,r
345,587,46035,r
346,587,46052,r
348,587,46068,r
350,587,46085,r
351,587,46102,r
353,587,46119,r
355,587,46135,r
356,587,46152,r
358,587,46169,r
360,587,46185,r
361,587,46202,r
363,587,46219,r
365,587,46236,r
366,587,46252,r
368,587,46269,r
370,587,46286,r
371,587,46302,r
373,587,46319,r
375,587,46336,r
376,587,46353,r
378,587,46369,r
380,587,46386,r
381,587,46403,r
383,587,46420,r
385,587,46436,r
386,587,46453,r
388,587,46470,r
390,587,46486,r
391,587,46503,r
393,587,46520,u
395,587,46537,u
395,585,46553,u
395,584,46570,u
395,582,46587,u
395,580,46604,u
395,579,46620,u
395,577,46637,u
395,575,46654,u
395,574,46670,u
395,572,46687,u
395,570,46704,u
395,569,46721,u
395,567,46737,u
395,565,46754,u
395,564,46771,u
395,562,46787,u
395,560,46804,u
395,559,46821,u
395,557,46838,u
395,555,46854,u
395,554,46871,u
395,552,46888,u
395,550,46905,u
395,549,46921,u
395,547,46938,u
395,545,46955,u
395,544,46971,u
395,542,46988,u
395,540,47005,u
395,539,47022,u
395,537,47038,u
395,535,47055,u
395,534,47072,u
395,532,47088,u
395,530,47105,u
395,529,47122,u
395,527,47139,u
395,525,47155,u
395,524,47172,u
395,522,47189,u
395,520,47205,u
395,519,47222,u
395,517,47239,u
395,515,47256,u
395,514,47272,u
395,512,47289,u
395,510,47306,u
395,509,47323,u
395,507,47339,u
395,505,47356,u
395,504,47373,u
395,502,47389,u
395,500,47406,u
395,499,47423,u
395,497,47440,u
395,495,47456,u
395,494,47473,u
395,492,47490,u
395,490,47506,u
395,489,47523,u
395,487,47540,u
395,485,47557,u
395,484,47573,u
395,482,47590,u
395,480,47607,u
395,479,47624,u
395,477,47640,u
395,475,47657,u
395,474,47674,u
395,472,47690,u
395,470,47707,u
395,469,47724,u
395,467,47741,u
395,465,47757,u
395,464,47774,u
395,462,47791,u
395,460,47807,u
395,459,47824,u
395,457,47841,u
395,455,47858,u
395,454,47874,u
395,452,47891,u
395,450,47908,u
395,449,47925,u
395,447,47941,u
395,445,47958,u
395,444,47975,u
395,442,47991,u
395,440,48008,u
395,439,48025,u
395,437,48042,u
395,435,48058,u
395,434,48075,u
395,432,48092,u
395,430,48108,u
395,429,48125,u
395,427,48142,u
395,425,48159,u
395,424,48175,u
395,422,48192,u
395,420,48209,u
395,419,48225,u
395,417,48242,u
395,415,48259,
395,414,48276,
395,414,48292,
395,414,48309,
395,414,48326,
395,414,48343,
395,414,48359,
395,414,48376,
395,414,48393,
395,414,48409,
395,414,48426,
395,414,48443,
395,414,48460,d
395,414,48476,d
395,415,48493,d
395,417,48510,d
395,419,48526,d
395,420,48543,d
395,422,48560,d
395,424,48577,d
395,425,48593,d
395,427,48610,d
395,429,48627,d
395,430,48643,d
395,432,48660,d
395,434,48677,d
395,435,48694,d
395,437,48710,d
395,439,48727,d
395,440,48744,d
395,442,48761,d
395,444,48777,d
395,445,48794,d
395,447,48811,d
395,449,48827,d
395,450,48844,d
395,452,48861,d
395,454,48878,d
395,455,48894,d
395,457,48911,d
395,459,48928,d
395,460,48945,d
395,462,48961,d
395,464,48978,d
395,465,48995,d
395,467,49011,d
395,469,49028,d
395,470,49045,d
395,472,49062,d
395,474,49078,d
395,475,49095,d
395,477,49112,d
395,479,49128,r
395,480,49145,r
396,480,49162,r
398,480,49179,r
400,480,49195,r
401,480,49212,r
403,480,49229,r
405,480,49245,r
406,480,49262,r
408,480,49279,r
408,480,49296,r
408,480,49312,r
408,480,49329,r
408,480,49346,r
408,480,49363,r
408,480,49379,r
408,480,49396,r
408,480,49413,r
408,480,49429,r
408,480,49446,r
408,480,49463,r
408,480,49480,r
408,480,49496,r
408,480,49513,r
408,480,49530,r
408,480,49546,r
408,480,49563,r
408,480,49580,r
408,480,49597,dr
408,480,49613,dr
408,482,49630,dr
408,484,49647,dr
408,485,49664,dr
408,487,49680,dr
408,489,49697,dr
408,490,49714,dr
408,492,49730,dr
408,494,49747,dr
408,495,49764,dr
408,497,49781,dr
408,499,49797,dr
408,500,49814,dr
408,502,49831,dr
408,504,49847,dr
408,505,49864,dr
408,507,49881,r
408,509,49898,r
410,509,49914,r
411,509,49931,r
413,509,49948,r
415,509,49964,r
416,509,49981,r
418,509,49998,r
420,509,50015,r
421,509,50031,r
423,509,50048,r
425,509,50065,r
426,509,50082,r
428,509,50098,r
430,509,50115,r
431,509,50132,r
433,509,50148,r
435,509,50165,r
436,509,50182,r
438,509,50199,r
440,509,50215,r
440,509,50232,r
440,509,50249,r
440,509,50265,r
440,509,50282,r
440,509,50299,r
440,509,50316,r
440,509,50332,r
440,509,50349,r
440,509,50366,r
440,509,50383,r
440,509,50399,r
440,509,50416,r
440,509,50433,r
440,509,50449,r
440,509,50466,r
440,509,50483,r
440,509,50500,r
440,509,50516,r
440,509,50533,r
440,509,50550,r
440,509,50566,r
440,509,50583,r
440,509,50600,r
440,509,50617,r
440,509,50633,r
440,509,50650,r
440,509,50667,r
440,509,50684,r
440,509,50700,r
440,509,50717,r
440,509,50734,r
440,509,50750,r
440,509,50767,r
440,509,50784,r
440,509,50801,r
440,509,50817,r
440,509,50834,r
440,509,50851,r
440,509,50867,r
440,509,50884,r
440,509,50901,r
440,509,50918,r
440,509,50934,r
440,509,50951,r
440,509,50968,r
440,509,50985,r
440,509,51001,r
440,509,51018,r
440,509,51035,r
440,509,51051,r
440,509,51068,r
440,509,51085,r
440,509,51102,r
440,509,51118,r
440,509,51135,r
440,509,51152,
440,509,51168,u
440,509,51185,u
440,507,51202,u
440,505,51219,u
440,504,51235,u
440,502,51252,u
440,500,51269,u
440,499,51286,u
440,497,51302,u
440,495,51319,u
440,494,51336,
440,492,51352,r
440,492,51369,r
442,492,51386,r
443,492,51403,r
445,492,51419,r
447,492,51436,r
448,492,51453,r
450,492,51469,r
452,492,51486,r
453,492,51503,r
455,492,51520,r
457,492,51536,r
458,492,51553,r
460,492,51570,r
462,492,51586,r
463,492,51603,r
465,492,51620,r
467,492,51637,r
468,492,51653,r
470,492,51670,r
472,492,51687,r
473,492,51704,r
475,492,51720,r
477,492,51737,r
478,492,51754,r
480,492,51770,r
482,492,51787,r
483,492,51804,r
485,492,51821,r
487,492,51837,r
488,492,51854,r
490,492,51871,r
492,492,51887,r
493,492,51904,r
495,492,51921,r
497,492,51938,dr
498,492,51954,d
498,494,51971,d
498,495,51988,d
498,497,52004,d
498,499,52021,d
498,500,52038,d
498,502,52055,d
498,504,52071,d
498,505,52088,d
498,507,52105,d
498,509,52122,d
498,510,52138,d
498,512,52155,d
498,514,52172,d
498,515,52188,d
498,517,52205,d
498,519,52222,d
498,520,52239,d
498,522,52255,d
498,524,52272,d
498,525,52289,d
498,527,52306,d
498,529,52322,d
498,530,52339,d
498,532,52356,d
498,534,52372,d
498,535,52389,d
498,537,52406,d
498,539,52423,d
498,540,52439,d
498,542,52456,d
498,544,52473,d
498,545,52489,d
498,547,52506,d
498,549,52523,d
498,550,52540,d
498,552,52556,d
498,554,52573,d
498,555,52590,d
498,557,52606,d
498,559,52623,d
498,560,52640,d
498,562,52657,d
498,564,52673,d
498,565,52690,d
498,567,52707,d
498,569,52724,d
498,570,52740,d
498,572,52757,d
498,574,52774,d
498,575,52790,d
498,577,52807,d
498,579,52824,d
498,580,52841,d
498,582,52857,d
498,584,52874,d
498,585,52891,d
498,587,52907,d
498,589,52924,d
498,590,52941,d
498,592,52958,d
498,594,52974,dr
498,595,52991,r
498,597,53008,r
500,597,53025,r
502,597,53041,r
503,597,53058,r
505,597,53075,r
507,597,53091,r
508,597,53108,r
510,597,53125,r
512,597,53142,r
513,597,53158,r
515,597,53175,r
517,597,53192,r
518,597,53208,r
520,597,53225,r
522,597,53242,r
523,597,53259,r
525,597,53275,r
527,597,53292,r
528,597,53309,r
530,597,53325,r
532,597,53342,r
533,597,53359,r
535,597,53376,r
537,597,53392,r
538,597,53409,r
540,597,53426,r
542,597,53443,r
543,597,53459,r
545,597,53476,r
547,597,53493,r
548,597,53509,r
550,597,53526,r
552,597,53543,r
553,597,53560,r
555,597,53576,r
557,597,53593,r
558,597,53610,r
560,597,53626,r
562,597,53643,r
563,597,53660,r
565,597,53677,r
567,597,53693,r
568,597,53710,r
570,597,53727,r
572,597,53744,r
573,597,53760,r
575,597,53777,r
577,597,53794,r
578,597,53810,r
580,597,53827,r
582,597,53844,r
583,597,53861,r
585,597,53877,r
587,597,53894,r
588,597,53911,r
590,597,53927,r
592,597,53944,r
593,597,53961,r
595,597,53978,r
597,597,53994,r
598,597,54011,r
600,597,54028,r
602,597,54045,r
603,597,54061,r
605,597,54078,r
607,597,54095,r
608,597,54111,r
610,597,54128,r
612,597,54145,r
613,597,54162,r
615,597,54178,r
617,597,54195,r
618,597,54212,r
620,597,54228,r
622,597,54245,r
623,597,54262,r
625,597,54279,r
627,597,54295,r
628,597,54312,r
630,597,54329,r
632,597,54346,r
632,597,54362,r
632,597,54379,r
632,597,54396,
632,597,54412,
632,597,54429,u
632,597,54446,u
632,595,54463,u
632,594,54479,u
632,592,54496,u
632,590,54513,u
632,589,54529,u
632,587,54546,u
632,585,54563,u
632,584,54580,u
632,582,54596,u
632,580,54613,u
632,579,54630,u
632,577,54646,u
632,575,54663,u
632,574,54680,u
632,572,54697,u
632,570,54713,u
632,569,54730,u
632,567,54747,u
632,565,54764,u
632,564,54780,u
632,562,54797,u
632,560,54814,u
632,559,54830,u
632,557,54847,u
632,555,54864,u
632,554,54881,u
632,552,54897,u
632,550,54914,u
632,549,54931,u
632,547,54947,u
632,545,54964,u
632,544,54981,u
632,542,54998,u
632,540,55014,u
632,539,55031,u
632,537,55048,u
632,535,55065,u
632,534,55081,u
632,532,55098,u
632,530,55115,u
632,529,55131,u
632,527,55148,u
632,525,55165,u
632,524,55182,u
632,522,55198,u
632,520,55215,u
632,519,55232,u
632,517,55248,u
632,515,55265,u
632,514,55282,u
632,512,55299,u
632,510,55315,u
632,509,55332,u
632,507,55349,u
632,505,55366,u
632,504,55382,u
632,502,55399,u
632,500,55416,u
632,499,55432,u
632,497,55449,u
632,495,55466,u
632,494,55483,u
632,492,55499,u
632,490,55516,u
632,489,55533,u
632,487,55549,u
632,485,55566,u
632,484,55583,u
632,482,55600,u
632,480,55616,u
632,479,55633,u
632,477,55650,u
632,475,55667,u
632,474,55683,u
632,472,55700,u
632,470,55717,u
632,469,55733,u
632,467,55750,u
632,465,55767,u
632,464,55784,u
632,462,55800,u
632,460,55817,u
632,459,55834,u
632,457,55850,u
632,456,55867,u
632,456,55884,u
632,456,55901,u
632,456,55917,u
632,456,55934,u
632,456,55951,u
632,456,55967,
632,456,55984,
632,456,56001,
632,456,56018,
632,456,56034,
632,456,56051,
632,456,56068,
632,456,56085,
632,456,56101,
632,456,56118,d
632,456,56135,d
632,458,56151,d
632,459,56168,d
632,461,56185,d
632,463,56202,d
632,464,56218,d
632,466,56235,d
632,468,56252,d
632,469,56268,d
632,471,56285,d
632,473,56302,d
632,474,56319,d
632,476,56335,d
632,478,56352,d
632,479,56369,d
632,481,56386,d
632,483,56402,d
632,484,56419,d
632,486,56436,d
632,488,56452,d
632,489,56469,d
632,491,56486,d
632,493,56503,d
632,494,56519,d
632,496,56536,d
632,498,56553,d
632,499,56569,d
632,501,56586,d
632,503,56603,d
632,504,56620,d
632,506,56636,d
632,508,56653,d
632,509,56670,d
632,511,56687,d
632,513,56703,d
632,514,56720,d
632,516,56737,d
632,518,56753,d
632,519,56770,d
632,521,56787,d
632,523,56804,d
632,524,56820,d
632,526,56837,d
632,528,56854,d
632,529,56870,d
632,531,56887,d
632,533,56904,d
632,534,56921,d
632,536,56937,d
632,538,56954,d
632,539,56971,d
632,541,56988,d
632,543,57004,d
632,544,57021,d
632,546,57038,d
632,548,57054,d
632,549,57071,d
632,551,57088,d
632,553,57105,d
632,554,57121,d
632,556,57138,d
632,558,57155,d
632,559,57171,d
632,561,57188,d
632,563,57205,d
632,564,57222,d
632,566,57238,d
632,568,57255,d
632,569,57272,d
632,571,57288,d
632,573,57305,d
632,574,57322,d
632,576,57339,d
632,578,57355,d
632,579,57372,d
632,581,57389,d
632,583,57406,d
632,584,57422,d
632,586,57439,d
632,588,57456,d
632,589,57472,d
632,591,57489,d
632,593,57506,d
632,594,57523,d
632,596,57539,d
632,598,57556,d
632,599,57573,d
632,601,57589,d
632,603,57606,d
632,604,57623,d
632,606,57640,d
632,608,57656,d
632,609,57673,d
632,611,57690,d
632,613,57707,d
632,614,57723,d
632,616,57740,d
632,618,57757,d
632,619,57773,d
632,621,57790,d
632,623,57807,d
632,624,57824,d
632,626,57840,d
632,628,57857,d
632,629,57874,d
632,631,57890,d
632,632,57907,d
632,632,57924,d
632,632,57941,dl
632,632,57957,dl
632,632,57974,l
632,632,57991,l
630,632,58007,l
629,632,58024,l
627,632,58041,l
625,632,58058,l
624,632,58074,l
622,632,58091,l
620,632,58108,l
619,632,58125,l
617,632,58141,l
615,632,58158,l
614,632,58175,l
612,632,58191,l
610,632,58208,l
609,632,58225,l
607,632,58242,l
605,632,58258,l
604,632,58275,l
602,632,58292,l
600,632,58308,l
599,632,58325,l
597,632,58342,l
595,632,58359,l
594,632,58375,l
592,632,58392,l
590,632,58409,l
589,632,58426,l
587,632,58442,l
585,632,58459,l
584,632,58476,l
582,632,58492,l
580,632,58509,l
579,632,58526,l
577,632,58543,l
575,632,58559,l
574,632,58576,l
572,632,58593,l
570,632,58609,l
569,632,58626,l
567,632,58643,l
565,632,58660,l
564,632,58676,l
562,632,58693,l
560,632,58710,l
559,632,58726,l
557,632,58743,l
555,632,58760,l
554,632,58777,l
552,632,58793,l
550,632,58810,l
549,632,58827,l
547,632,58844,l
545,632,58860,l
544,632,58877,l
542,632,58894,l
540,632,58910,l
539,632,58927,l
537,632,58944,l
535,632,58961,l
534,632,58977,l
532,632,58994,l
530,632,59011,l
529,632,59028,l
527,632,59044,l
525,632,59061,l
524,632,59078,l
522,632,59094,l
520,632,59111,l
622,40,59128,l
622,40,59145,l
620,40,59161,l
619,40,59178,l
617,40,59195,l
616,40,59211,l
616,40,59228,l
616,40,59245,l
616,40,59262,l
616,40,59278,l
616,40,59295,l
616,40,59312,l
616,40,59328,l
616,40,59345,l
616,40,59362,l
616,40,59379,l
616,40,59395,l
616,40,59412,l
616,40,59429,l
616,40,59446,l
616,40,59462,l
616,40,59479,l
616,40,59496,l
616,40,59512,l
616,40,59529,l
616,40,59546,l
616,40,59563,l
616,40,59579,l
616,40,59596,l
616,40,59613,l
616,40,59629,l
616,40,59646,l
616,40,59663,l
616,40,59680,l
616,40,59696,l
616,40,59713,l
616,40,59730,l
616,40,59747,l
616,40,59763,l
616,40,59780,l
616,40,59797,
616,40,59813,
616,40,59830,
616,40,59847,
616,40,59864,
616,40,59880,
616,40,59897,
616,40,59914,
616,40,59930,
616,40,59947,
616,40,59964,
616,40,59981,
616,40,59997,
616,40,60014,
616,40,60031,
616,40,60048,
616,40,60064,
616,40,60081,
616,40,60098,
616,40,60114,
616,40,60131,
616,40,60148,
616,40,60165,
616,40,60181,
616,40,60198,
616,40,60215,
616,40,60231,
616,40,60248,
616,40,60265,
616,40,60282,
616,40,60298,
616,40,60315,d
616,40,60332,d
616,42,60349,d
616,43,60365,d
616,45,60382,d
616,47,60399,d
616,48,60415,d
616,50,60432,d
616,52,60449,d
616,53,60466,d
616,55,60482,d
616,57,60499,d
616,58,60516,d
616,60,60532,d
616,62,60549,d
616,63,60566,d
616,65,60583,d
616,67,60599,d
616,68,60616,d
616,70,60633,d
616,72,60649,d
616,73,60666,d
616,75,60683,d
616,77,60700,d
616,78,60716,d
616,80,60733,d
616,82,60750,d
616,83,60767,d
616,85,60783,d
616,87,60800,d
616,88,60817,d
616,90,60833,d
616,92,60850,d
616,93,60867,d
616,95,60884,d
616,97,60900,d
616,98,60917,d
616,100,60934,d
616,102,60950,d
616,103,60967,d
616,105,60984,d
616,107,61001,d
616,108,61017,d
616,110,61034,d
616,112,61051,d
616,113,61068,d
616,115,61084,d
616,117,61101,d
616,118,61118,d
616,120,61134,d
616,122,61151,d
616,123,61168,d
616,125,61185,d
616,127,61201,d
616,128,61218,d
616,130,61235,d
616,132,61251,d
616,133,61268,d
616,135,61285,d
616,137,61302,d
616,138,61318,d
616,140,61335,d
616,142,61352,d
616,143,61369,d
616,145,61385,d
616,147,61402,d
616,148,61419,d
616,150,61435,d
616,152,61452,d
616,153,61469,d
616,155,61486,d
616,157,61502,d
616,158,61519,d
616,160,61536,d
616,162,61552,d
616,163,61569,d
616,165,61586,d
616,167,61603,d
616,168,61619,d
616,170,61636,d
616,172,61653,d
616,173,61669,d
616,175,61686,d
616,177,61703,d
616,178,61720,d
616,180,61736,d
616,182,61753,d
616,183,61770,d
616,185,61787,d
616,187,61803,d
616,188,61820,d
616,190,61837,d
616,192,61853,d
616,193,61870,d
616,195,61887,d
616,197,61904,d
616,198,61920,d
616,200,61937,d
616,202,61954,d
616,203,61970,d
616,205,61987,d
616,207,62004,d
616,208,62021,d
616,210,62037,d
616,212,62054,d
616,213,62071,d
616,215,62088,d
616,217,62104,d
616,218,62121,d
616,220,62138,d
616,222,62154,d
616,223,62171,d
616,225,62188,d
616,227,62205,d
616,228,62221,d
616,230,62238,d
616,232,62255,d
616,233,62271,d
616,235,62288,d
616,237,62305,d
616,238,62322,d
616,240,62338,d
616,242,62355,d
616,243,62372,d
616,245,62388,d
616,247,62405,d
616,248,62422,d
616,250,62439,d
616,252,62455,d
616,253,62472,d
616,255,62489,d
616,257,62506,d
616,258,62522,d
616,260,62539,d
616,262,62556,d
616,263,62572,d
616,265,62589,d
616,267,62606,d
616,268,62623,d
616,270,62639,d
616,272,62656,d
616,273,62673,d
616,275,62689,d
616,277,62706,d
616,278,62723,d
616,280,62740,d
616,282,62756,d
616,283,62773,d
616,285,62790,d
616,287,62807,d
616,288,62823,d
616,290,62840,d
616,292,62857,d
616,293,62873,d
616,295,62890,d
616,297,62907,d
616,298,62924,d
616,300,62940,d
616,302,62957,d
616,303,62974,d
616,305,62990,d
616,307,63007,d
616,308,63024,d
616,310,63041,d
616,312,63057,d
616,313,63074,d
616,315,63091,d
616,317,63108,d
616,318,63124,d
616,320,63141,d
616,322,63158,d
616,323,63174,d
616,325,63191,d
616,327,63208,d
616,328,63225,d
616,330,63241,d
616,332,63258,d
616,333,63275,dl
616,335,63291,dl
616,337,63308,l
616,338,63325,l
614,338,63342,l
613,338,63358,l
611,338,63375,l
609,338,63392,l
608,338,63409,l
606,338,63425,l
604,338,63442,l
603,338,63459,l
601,338,63475,l
599,338,63492,l
598,338,63509,l
596,338,63526,l
594,338,63542,l
593,338,63559,l
591,338,63576,l
589,338,63592,l
588,338,63609,l
586,338,63626,l
584,338,63643,l
583,338,63659,l
581,338,63676,l
579,338,63693,l
578,338,63709,l
576,338,63726,l
574,338,63743,l
573,338,63760,l
571,338,63776,l
569,338,63793,l
568,338,63810,l
566,338,63827,l
564,338,63843,l
563,338,63860,l
561,338,63877,l
559,338,63893,l
558,338,63910,l
556,338,63927,l
554,338,63944,l
553,338,63960,l
551,338,63977,l
549,338,63994,l
548,338,64010,l
546,338,64027,l
544,338,64044,l
543,338,64061,l
541,338,64077,l
539,338,64094,l
538,338,64111,l
536,338,64128,l
534,338,64144,l
533,338,64161,l
531,338,64178,l
529,338,64194,l
528,338,64211,l
526,338,64228,l
524,338,64245,l
523,338,64261,l
521,338,64278,l
519,338,64295,l
518,338,64311,l
516,338,64328,l
514,338,64345,l
513,338,64362,l
511,338,64378,l
509,338,64395,l
508,338,64412,l
506,338,64428,l
504,338,64445,l
503,338,64462,l
501,338,64479,l
499,338,64495,l
498,338,64512,l
496,338,64529,l
494,338,64546,l
493,338,64562,l
491,338,64579,l
489,338,64596,l
488,338,64612,l
486,338,64629,l
484,338,64646,l
483,338,64663,l
481,338,64679,l
479,338,64696,l
478,338,64713,l
476,338,64729,l
474,338,64746,l
473,338,64763,l
471,338,64780,l
469,338,64796,l
468,338,64813,l
466,338,64830,l
464,338,64847,l
463,338,64863,l
461,338,64880,l
459,338,64897,l
458,338,64913,l
456,338,64930,l
454,338,64947,l
453,338,64964,l
451,338,64980,l
449,338,64997,l
448,338,65014,l
446,338,65030,l
444,338,65047,l
443,338,65064,l
441,338,65081,l
439,338,65097,l
438,338,65114,l
436,338,65131,l
434,338,65148,l
433,338,65164,l
431,338,65181,l
429,338,65198,l
428,338,65214,l
426,338,65231,l
424,338,65248,l
423,338,65265,l
421,338,65281,l
419,338,65298,l
418,338,65315,l
416,338,65331,l
414,338,65348,l
413,338,65365,l
411,338,65382,l
409,338,65398,l
408,338,65415,l
406,338,65432,l
404,338,65449,l
403,338,65465,l
401,338,65482,l
399,338,65499,l
398,338,65515,l
396,338,65532,l
394,338,65549,l
393,338,65566,l
391,338,65582,l
389,338,65599,l
388,338,65616,l
386,338,65632,l
384,338,65649,l
383,338,65666,l
381,338,65683,l
379,338,65699,l
378,338,65716,l
376,338,65733,l
374,338,65750,l
373,338,65766,l
371,338,65783,l
369,338,65800,l
368,338,65816,l
366,338,65833,l
364,338,65850,l
363,338,65867,l
361,338,65883,l
359,338,65900,l
358,338,65917,l
356,338,65933,l
354,338,65950,l
353,338,65967,l
351,338,65984,l
349,338,66000,l
348,338,66017,l
346,338,66034,l
344,338,66050,l
343,338,66067,l
341,338,66084,l
339,338,66101,l
338,338,66117,l
336,338,66134,l
334,338,66151,l
333,338,66168,l
331,338,66184,l
329,338,66201,l
328,338,66218,l
326,338,66234,l
324,338,66251,l
323,338,66268,l
321,338,66285,l
319,338,66301,l
318,338,66318,l
316,338,66335,l
314,338,66351,l
313,338,66368,l
311,338,66385,l
309,338,66402,l
308,338,66418,l
306,338,66435,l
304,338,66452,l
303,338,66469,l
301,338,66485,l
299,338,66502,l
298,338,66519,l
296,338,66535,ul
294,338,66552,ul
294,337,66569,ul
294,335,66586,ul
294,333,66602,u
294,332,66619,u
294,330,66636,u
294,328,66652,u
294,327,66669,u
294,325,66686,u
294,323,66703,u
294,322,66719,u
294,320,66736,u
294,318,66753,u
294,317,66770,u
294,315,66786,u
294,313,66803,u
294,312,66820,u
294,310,66836,u
294,308,66853,u
294,307,66870,u
294,305,66887,u
294,303,66903,u
294,302,66920,u
294,300,66937,u
294,298,66953,u
294,297,66970,u
294,295,66987,u
294,293,67004,u
294,292,67020,u
294,290,67037,u
294,288,67054,u
294,287,67071,u
294,285,67087,u
294,283,67104,u
294,282,67121,u
294,280,67137,u
294,278,67154,u
294,277,67171,u
294,275,67188,u
294,273,67204,u
294,272,67221,u
294,270,67238,u
294,268,67254,u
294,267,67271,u
294,265,67288,u
294,263,67305,u
294,262,67321,u
294,260,67338,ul
294,258,67355,ul
294,257,67372,ul
294,255,67388,ul
294,253,67405,ul
294,252,67422,l
294,250,67438,l
293,250,67455,l
291,250,67472,l
289,250,67489,l
288,250,67505,l
286,250,67522,l
284,250,67539,l
283,250,67555,l
281,250,67572,l
279,250,67589,l
278,250,67606,l
276,250,67622,l
274,250,67639,l
273,250,67656,l
271,250,67672,l
269,250,67689,l
268,250,67706,l
266,250,67723,l
264,250,67739,l
263,250,67756,l
261,250,67773,l
259,250,67790,l
258,250,67806,l
256,250,67823,l
254,250,67840,l
253,250,67856,l
251,250,67873,l
249,250,67890,l
248,250,67907,l
246,250,67923,l
244,250,67940,l
243,250,67957,l
241,250,67973,l
239,250,67990,l
238,250,68007,ul
236,250,68024,ul
236,248,68040,ul
236,247,68057,ul
236,245,68074,ul
236,243,68090,ul
236,242,68107,ul
236,240,68124,ul
236,238,68141,ul
236,237,68157,ul
236,235,68174,ul
236,233,68191,ul
236,232,68208,u
236,232,68224,u
236,232,68241,u
236,232,68258,u
236,232,68274,u
236,232,68291,u
236,232,68308,u
236,232,68325,u
236,232,68341,u
236,232,68358,u
236,232,68375,u
236,232,68391,ul
236,232,68408,l
236,232,68425,l
234,232,68442,l
233,232,68458,l
231,232,68475,l
229,232,68492,l
228,232,68509,l
226,232,68525,l
224,232,68542,l
223,232,68559,l
221,232,68575,l
219,232,68592,l
218,232,68609,l
216,232,68626,l
214,232,68642,l
213,232,68659,l
211,232,68676,l
209,232,68692,l
208,232,68709,l
206,232,68726,l
204,232,68743,l
203,232,68759,l
201,232,68776,l
199,232,68793,l
198,232,68810,l
196,232,68826,l
194,232,68843,l
193,232,68860,l
191,232,68876,l
189,232,68893,l
188,232,68910,l
186,232,68927,l
184,232,68943,l
183,232,68960,l
181,232,68977,l
179,232,68993,l
178,232,69010,l
176,232,69027,l
174,232,69044,l
173,232,69060,l
171,232,69077,l
169,232,69094,l
168,232,69111,l
166,232,69127,l
164,232,69144,l
163,232,69161,l
161,232,69177,l
159,232,69194,l
158,232,69211,l
156,232,69228,l
154,232,69244,l
153,232,69261,l
151,232,69278,l
149,232,69294,l
148,232,69311,l
146,232,69328,l
144,232,69345,l
143,232,69361,l
141,232,69378,l
139,232,69395,l
138,232,69412,l
136,232,69428,l
134,232,69445,l
133,232,69462,l
131,232,69478,l
129,232,69495,l
128,232,69512,l
126,232,69529,l
124,232,69545,l
123,232,69562,dl
121,232,69579,dl
121,234,69595,dl
121,235,69612,dl
121,237,69629,d
121,239,69646,d
121,240,69662,d
121,242,69679,d
121,244,69696,d
121,245,69712,d
121,247,69729,d
121,249,69746,d
121,250,69763,d
121,252,69779,d
121,254,69796,d
121,255,69813,d
121,257,69830,d
121,259,69846,d
121,260,69863,d
121,262,69880,d
121,264,69896,d
121,265,69913,d
121,267,69930,d
121,269,69947,d
121,270,69963,dl
121,272,69980,dl
121,274,69997,dl
121,275,70013,dl
121,277,70030,dl
121,279,70047,l
121,280,70064,l
119,280,70080,l
118,280,70097,l
116,280,70114,l
114,280,70131,l
113,280,70147,l
111,280,70164,l
109,280,70181,l
108,280,70197,l
106,280,70214,l
104,280,70231,l
104,280,70248,l
104,280,70264,l
104,280,70281,l
104,280,70298,l
104,280,70314,dl
104,280,70331,dl
104,282,70348,dl
104,284,70365,dl
104,285,70381,dl
104,287,70398,dl
104,289,70415,d
104,290,70431,d
104,292,70448,d
104,294,70465,d
104,295,70482,d
104,297,70498,d
104,299,70515,d
104,300,70532,d
104,302,70549,dl
104,304,70565,l
104,305,70582,l
102,305,70599,l
101,305,70615,l
99,305,70632,l
97,305,70649,l
96,305,70666,l
94,305,70682,l
92,305,70699,l
91,305,70716,l
89,305,70732,l
87,305,70749,l
86,305,70766,l
84,305,70783,l
82,305,70799,l
81,305,70816,l
79,305,70833,l
77,305,70850,l
76,305,70866,l
74,305,70883,l
72,305,70900,l
71,305,70916,l
69,305,70933,l
67,305,70950,l
66,305,70967,l
64,305,70983,l
62,305,71000,l
61,305,71017,l
59,305,71034,l
57,305,71050,l
56,305,71067,l
54,305,71084,l
52,305,71100,l
51,305,71117,l
49,305,71134,l
47,305,71151,ul
46,305,71167,ul
46,304,71184,ul
46,302,71201,ul
46,300,71217,u
46,299,71234,u
46,297,71251,u
46,295,71268,u
46,294,71284,u
46,292,71301,u
46,290,71318,u
46,289,71334,u
46,287,71351,u
46,285,71368,u
46,284,71385,u
46,282,71401,u
46,280,71418,u
46,279,71435,u
46,277,71451,u
46,275,71468,u
46,274,71485,u
46,272,71502,u
46,270,71518,u
46,269,71535,u
46,267,71552,u
46,265,71569,u
46,264,71585,u
46,262,71602,u
46,260,71619,u
46,259,71635,u
46,257,71652,u
46,255,71669,u
46,254,71686,u
46,252,71702,u
46,250,71719,u
46,249,71736,u
46,247,71752,u
46,245,71769,u
46,244,71786,u
46,242,71803,u
46,240,71819,u
46,239,71836,u
46,237,71853,u
46,235,71870,u
46,234,71886,u
46,232,71903,u
46,230,71920,ul
46,229,71936,ul
46,227,71953,ul
46,225,71970,ul
46,224,71987,l
46,222,72003,l
44,222,72020,l
42,222,72037,l
41,222,72053,l
39,222,72070,l
37,222,72087,l
36,222,72104,l
34,222,72120,l
32,222,72137,l
31,222,72154,l
29,222,72171,l
27,222,72187,l
26,222,72204,l
24,222,72221,l
22,222,72237,l
21,222,72254,l
19,222,72271,l
17,222,72288,l
16,222,72304,l
14,222,72321,l
12,222,72338,l
11,222,72354,l
9,222,72371,l
8,222,72388,l
8,222,72405,l
8,222,72421,l
8,222,72438,l
8,222,72455,l
8,222,72472,l
8,222,72488,l
8,222,72505,l
8,222,72522,l
8,222,72538,l
8,222,72555,l
8,222,72572,l
8,222,72589,
8,222,72605,
8,222,72622,
8,222,72639,
8,222,72655,
8,222,72672,
8,222,72689,
8,222,72706,r
8,222,72722,r
10,222,72739,r
11,222,72756,r
13,222,72772,r
15,222,72789,r
16,222,72806,r
18,222,72823,r
20,222,72839,r
21,222,72856,r
23,222,72873,r
25,222,72890,r
26,222,72906,r
28,222,72923,r
30,222,72940,r
31,222,72956,r
33,222,72973,r
35,222,72990,r
36,222,73007,r
38,222,73023,r
40,222,73040,r
41,222,73057,r
43,222,73073,r
45,222,73090,r
46,222,73107,r
48,222,73124,r
50,222,73140,r
51,222,73157,
53,222,73174,d
53,222,73191,d
53,224,73207,d
53,225,73224,d
53,227,73241,d
53,229,73257,d
53,230,73274,d
53,232,73291,d
53,234,73308,d
53,235,73324,d
53,237,73341,d
53,239,73358,d
53,240,73374,d
53,242,73391,d
53,244,73408,d
53,245,73425,d
53,247,73441,d
53,249,73458,d
53,250,73475,d
53,252,73491,d
53,254,73508,d
53,255,73525,d
53,257,73542,d
53,259,73558,d
53,260,73575,d
53,262,73592,d
53,264,73609,d
53,265,73625,d
53,267,73642,d
53,269,73659,d
53,270,73675,d
53,272,73692,d
53,274,73709,d
53,275,73726,d
53,277,73742,d
53,279,73759,d
53,280,73776,d
53,282,73793,d
53,284,73809,d
53,285,73826,d
53,287,73843,d
53,289,73859,d
53,290,73876,d
53,292,73893,d
53,294,73910,d
53,295,73926,d
53,297,73943,d
53,299,73960,d
53,300,73976,d
53,302,73993,d
53,304,74010,d
53,305,74027,d
53,307,74043,d
53,309,74060,d
53,310,74077,d
53,312,74093,d
53,314,74110,d
53,315,74127,d
53,317,74144,d
53,319,74160,d
53,320,74177,d
53,322,74194,d
53,324,74211,d
53,325,74227,d
53,327,74244,d
53,329,74261,d
53,330,74277,d
53,332,74294,d
53,334,74311,d
53,335,74328,d
53,337,74344,d
53,339,74361,d
53,340,74378,d
53,342,74394,d
53,344,74411,d
53,345,74428,d
53,347,74445,d
53,349,74461,d
53,350,74478,d
53,352,74495,d
53,354,74512,d
53,355,74528,d
53,357,74545,d
53,359,74562,d
53,360,74578,d
53,362,74595,d
53,364,74612,d
53,365,74629,d
53,367,74645,d
53,369,74662,d
53,370,74679,d
53,372,74695,d
53,374,74712,d
53,375,74729,d
53,377,74746,d
53,379,74762,d
53,380,74779,d
53,382,74796,d
53,384,74813,d
53,385,74829,d
53,387,74846,d
53,389,74863,d
53,390,74879,d
53,392,74896,d
53,394,74913,d
53,395,74930,d
53,397,74946,d
53,399,74963,d
53,400,74980,d
53,402,74996,d
53,404,75013,d
53,405,75030,d
53,407,75047,d
53,408,75063,d
53,408,75080,d
53,408,75097,d
53,408,75113,d
53,408,75130,d
53,408,75147,d
53,408,75164,d
53,408,75180,d
53,408,75197,d
53,408,75214,d
53,408,75231,dl
53,408,75247,dl
53,408,75264,dl
53,408,75281,l
53,408,75297,l
51,408,75314,l
50,408,75331,l
48,408,75348,l
46,408,75364,l
45,408,75381,l
43,408,75398,l
41,408,75414,l
40,408,75431,l
38,408,75448,l
36,408,75465,l
35,408,75481,l
33,408,75498,l
31,408,75515,l
30,408,75532,l
28,408,75548,l
26,408,75565,l
25,408,75582,l
23,408,75598,l
21,408,75615,l
20,408,75632,l
18,408,75649,l
16,408,75665,l
15,408,75682,l
13,408,75699,l
11,408,75715,l
10,408,75732,l
8,408,75749,l
8,408,75766,l
8,408,75782,l
8,408,75799,l
8,408,75816,l
8,408,75833,l
8,408,75849,l
8,408,75866,l
8,408,75883,l
8,408,75899,l
8,408,75916,l
8,408,75933,l
8,408,75950,l
8,408,75966,l
8,408,75983,l
8,408,76000,
8,408,76016,
8,408,76033,
8,408,76050,r
8,408,76067,r
10,408,76083,r
11,408,76100,r
13,408,76117,r
15,408,76133,r
16,408,76150,r
18,408,76167,r
20,408,76184,r
21,408,76200,r
23,408,76217,r
