310,287,54598,
310,287,54665,
310,287,54681,
310,287,54698,
310,287,54715,
310,287,54731,
310,287,54748,
310,287,54765,
310,287,54781,
310,287,54798,
310,287,54815,
310,287,54831,
310,287,54848,
310,287,54865,
310,287,54881,
310,287,54898,
310,287,54915,
310,287,54931,
310,287,54948,
310,287,54965,
310,287,54981,
310,287,54998,
310,287,55015,
310,287,55031,
310,287,55048,
310,287,55065,
310,287,55081,
310,287,55098,
310,287,55115,
310,287,55131,
310,287,55148,
310,287,55165,
310,287,55181,
310,287,55198,
310,287,55215,
310,287,55231,
310,287,55248,
310,287,55265,
310,287,55281,
310,287,55298,
310,287,55315,
310,287,55331,
310,287,55348,
310,287,55365,
310,287,55381,
310,287,55398,
310,287,55415,
310,287,55431,
310,287,55448,d
310,287,55465,d
310,288,55481,d
310,289,55498,d
310,289,55515,d
310,290,55531,d
310,291,55548,d
310,292,55565,d
310,293,55581,d
310,294,55598,d
310,294,55615,d
310,295,55631,
310,296,55648,
310,296,55665,
310,296,55681,
310,296,55698,
310,296,55715,
310,296,55731,
310,296,55748,
310,296,55765,l
310,296,55781,l
309,296,55798,l
308,296,55815,l
308,296,55831,l
307,296,55848,l
306,296,55865,l
305,296,55881,l
304,296,55898,l
303,296,55915,l
303,296,55931,l
302,296,55948,
301,296,55965,
301,296,55981,u
301,296,55998,u
301,295,56015,u
301,294,56031,u
301,294,56048,u
301,293,56065,u
301,292,56081,u
301,291,56098,u
301,290,56115,u
301,289,56131,u
301,289,56148,u
301,288,56165,u
301,287,56181,u
301,286,56198,u
301,285,56215,u
301,285,56231,u
301,284,56248,u
301,283,56265,u
301,282,56281,u
301,281,56298,u
301,280,56315,u
301,280,56331,u
301,279,56348,u
301,278,56365,u
301,277,56381,u
301,276,56398,u
301,275,56415,u
301,275,56431,u
301,274,56448,u
301,273,56465,u
301,272,56481,u
301,271,56498,u
301,270,56515,u
301,270,56531,u
301,269,56548,u
301,268,56565,u
301,267,56581,u
301,266,56598,u
301,265,56615,
301,265,56631,
301,265,56648,
301,265,56665,
301,265,56681,
301,265,56698,
301,265,56715,
301,265,56731,
301,265,56748,
301,265,56765,
301,265,56781,
301,265,56798,
301,265,56815,
301,265,56831,
301,265,56848,
301,265,56865,
301,265,56881,
301,265,56898,
301,265,56915,d
301,265,56931,d
301,265,56948,d
301,266,56965,d
301,267,56981,d
301,268,56998,d
301,269,57015,d
301,270,57031,d
301,270,57048,d
301,271,57065,d
301,272,57081,d
301,273,57098,d
301,274,57115,d
301,275,57131,d
301,275,57148,d
301,276,57165,d
301,277,57181,d
301,278,57198,d
301,279,57215,d
301,280,57231,d
301,280,57248,d
301,281,57265,d
301,282,57281,d
301,283,57298,d
301,284,57315,
301,285,57331,
301,285,57348,
301,285,57365,
301,285,57381,
301,285,57398,
301,285,57415,r
301,285,57431,r
302,285,57448,r
303,285,57465,r
303,285,57481,r
304,285,57498,r
305,285,57515,r
306,285,57531,ur
307,285,57548,ur
307,284,57565,u
307,283,57581,u
307,282,57598,u
307,281,57615,u
307,280,57631,u
307,280,57648,u
307,279,57665,u
307,278,57681,u
307,277,57698,u
307,276,57715,u
307,275,57731,u
307,275,57748,u
307,274,57765,u
307,273,57781,u
307,272,57798,u
307,271,57815,u
307,270,57831,u
307,270,57848,u
307,269,57865,u
307,268,57881,u
307,267,57898,u
307,266,57915,u
307,265,57931,u
307,265,57948,u
307,264,57965,u
307,263,57981,u
307,262,57998,u
307,261,58015,u
307,260,58031,u
307,260,58048,u
307,259,58065,u
307,258,58081,u
307,257,58098,u
307,256,58115,u
307,255,58131,u
307,255,58148,u
307,254,58165,u
307,253,58181,u
307,252,58198,u
307,251,58215,u
307,250,58231,u
307,250,58248,u
307,249,58265,u
307,248,58281,u
307,247,58298,u
307,246,58315,u
307,245,58331,u
307,245,58348,u
307,244,58365,u
307,243,58381,u
307,242,58398,u
307,241,58415,u
307,240,58431,u
307,240,58448,u
307,239,58465,u
307,238,58481,u
307,237,58498,u
307,236,58515,u
307,235,58531,ul
307,234,58548,ul
307,234,58565,ul
307,233,58581,ul
307,232,58598,ul
307,231,58615,u
307,230,58631,u
307,229,58648,u
307,229,58665,u
307,228,58681,u
307,227,58698,u
307,226,58715,u
307,225,58731,u
307,224,58748,u
307,224,58765,u
307,223,58781,u
307,222,58798,u
307,221,58815,u
307,220,58831,u
307,219,58848,u
307,219,58865,u
307,218,58881,u
307,217,58898,u
307,216,58915,u
307,215,58931,u
307,214,58948,u
307,214,58965,u
307,213,58981,u
307,212,58998,u
307,211,59015,u
307,210,59031,u
307,209,59048,u
307,209,59065,u
307,208,59081,u
307,207,59098,u
307,206,59115,u
307,205,59131,u
307,204,59148,u
307,204,59165,u
307,203,59181,u
307,202,59198,u
307,201,59215,u
307,200,59231,u
307,199,59248,u
307,199,59265,u
307,198,59281,u
307,197,59298,u
307,196,59315,u
307,195,59331,u
307,194,59348,u
307,194,59365,u
307,193,59381,u
307,192,59398,u
307,191,59415,u
307,190,59431,u
307,189,59448,u
307,189,59465,u
307,188,59481,u
307,187,59498,u
307,186,59515,u
307,185,59531,u
307,184,59548,ul
307,184,59565,ul
307,183,59581,ul
307,182,59598,ul
307,181,59615,ul
307,180,59631,ul
307,179,59648,ul
307,179,59665,ul
307,178,59681,ul
307,177,59698,ul
307,176,59715,ul
307,175,59731,ul
307,174,59748,ul
307,174,59765,ul
307,173,59781,ul
307,172,59798,ul
307,171,59814,u
307,170,59831,u
307,169,59848,u
307,169,59865,u
307,168,59881,u
307,167,59898,u
307,166,59915,
307,165,59931,
307,165,59948,
307,165,59965,
307,165,59981,
307,165,59998,
307,165,60015,
307,165,60031,
307,165,60048,
307,165,60065,
307,165,60081,l
307,165,60098,l
306,165,60115,l
305,165,60131,l
304,165,60148,l
303,165,60164,l
303,165,60181,l
302,165,60198,l
301,165,60215,l
300,165,60231,l
299,165,60248,l
298,165,60265,l
298,165,60281,l
297,165,60298,ul
296,165,60314,ul
296,164,60331,ul
296,164,60348,ul
296,163,60365,ul
296,162,60381,ul
296,161,60398,ul
296,160,60414,ul
296,159,60431,ul
296,159,60448,ul
296,158,60465,ul
296,157,60481,ul
296,156,60498,ul
296,155,60515,ul
296,154,60531,ul
296,154,60548,ul
296,153,60564,ul
296,152,60581,ul
296,151,60598,ul
296,150,60615,ul
296,149,60631,ul
296,149,60648,ul
296,148,60664,ul
296,147,60681,u
296,146,60698,
296,145,60715,
296,145,60731,
296,145,60748,
296,145,60765,
296,145,60781,
296,145,60798,
296,145,60815,
296,145,60831,
296,145,60848,
296,145,60865,
296,145,60881,
296,145,60898,
296,145,60914,
296,145,60931,
296,145,60948,
296,145,60965,
296,145,60981,
296,145,60998,
296,145,61015,
296,145,61031,
296,145,61048,
296,145,61065,l
296,145,61081,l
294,145,61098,l
293,145,61115,l
291,145,61131,l
289,145,61148,l
288,145,61165,l
286,145,61181,l
284,145,61198,l
283,145,61215,l
281,145,61231,l
279,145,61248,l
278,145,61264,l
276,145,61281,l
274,145,61298,l
273,145,61315,l
271,145,61331,l
269,145,61348,l
268,145,61364,l
266,145,61381,l
264,145,61398,l
263,145,61415,l
261,145,61431,l
259,145,61448,l
258,145,61464,ul
256,145,61481,ul
256,144,61498,ul
256,142,61515,ul
256,140,61531,ul
256,139,61548,ul
256,137,61564,ul
256,135,61581,ul
256,134,61598,ul
256,132,61615,ul
256,130,61631,ul
256,129,61648,u
256,127,61664,u
256,125,61681,u
256,124,61698,u
256,122,61714,u
256,120,61731,u
256,119,61748,u
256,117,61764,u
256,115,61781,u
256,114,61798,l
256,112,61814,l
254,112,61831,l
253,112,61848,l
251,112,61865,l
249,112,61881,l
248,112,61898,l
246,112,61914,l
244,112,61931,l
243,112,61948,l
241,112,61964,l
239,112,61981,l
238,112,61998,l
236,112,62014,l
234,112,62031,l
233,112,62048,l
231,112,62064,l
229,112,62081,l
228,112,62098,l
226,112,62114,l
224,112,62131,l
223,112,62148,l
221,112,62164,l
219,112,62181,l
218,112,62198,l
216,112,62214,l
214,112,62231,l
213,112,62248,l
211,112,62264,l
209,112,62281,l
208,112,62298,l
206,112,62314,l
204,112,62331,l
203,112,62348,l
201,112,62364,l
199,112,62381,l
198,112,62398,l
196,112,62414,l
194,112,62431,l
193,112,62448,l
191,112,62464,l
189,112,62481,l
188,112,62498,l
186,112,62514,l
184,112,62531,l
183,112,62548,l
181,112,62564,l
179,112,62581,l
178,112,62598,l
176,112,62614,l
174,112,62631,l
173,112,62648,l
171,112,62664,l
169,112,62681,l
168,112,62698,l
166,112,62714,l
164,112,62731,l
163,112,62748,l
161,112,62764,l
159,112,62781,l
158,112,62798,l
156,112,62814,l
154,112,62831,l
153,112,62848,l
151,112,62865,l
149,112,62881,l
148,112,62898,l
146,112,62914,l
144,112,62931,l
143,112,62948,l
141,112,62964,l
139,112,62981,l
138,112,62998,l
136,112,63014,l
134,112,63031,l
133,112,63048,l
131,112,63064,l
129,112,63081,l
128,112,63098,l
126,112,63114,l
124,112,63131,l
123,112,63148,l
121,112,63164,l
119,112,63181,l
118,112,63198,l
116,112,63214,l
114,112,63231,l
113,112,63248,l
111,112,63264,l
109,112,63281,l
108,112,63298,l
106,112,63314,l
104,112,63331,l
103,112,63348,l
101,112,63364,l
99,112,63381,l
98,112,63398,l
96,112,63414,l
94,112,63431,ul
93,112,63448,ul
93,110,63464,ul
93,109,63481,ul
93,107,63498,u
93,105,63514,u
93,104,63531,u
93,102,63548,u
93,100,63564,u
93,99,63581,u
93,97,63598,u
93,95,63614,u
93,94,63631,u
93,92,63648,
93,90,63664,
93,90,63681,r
93,90,63698,r
94,90,63714,r
96,90,63731,r
98,90,63748,r
99,90,63764,r
101,90,63781,r
103,90,63798,r
104,90,63814,r
106,90,63831,r
108,90,63848,r
109,90,63864,r
111,90,63881,r
113,90,63898,r
114,90,63914,r
116,90,63931,r
118,90,63948,r
119,90,63964,r
121,90,63981,r
123,90,63998,r
124,90,64014,r
126,90,64031,r
128,90,64048,r
129,90,64064,r
131,90,64081,r
133,90,64098,r
134,90,64114,r
136,90,64131,r
138,90,64148,r
139,90,64164,r
141,90,64181,r
143,90,64198,r
144,90,64214,r
146,90,64231,r
148,90,64248,r
149,90,64264,r
151,90,64281,r
153,90,64298,r
154,90,64314,r
156,90,64331,r
158,90,64348,r
159,90,64364,r
161,90,64381,r
163,90,64398,r
164,90,64414,r
166,90,64431,r
168,90,64448,r
169,90,64464,r
171,90,64481,r
173,90,64498,r
174,90,64514,r
176,90,64531,r
178,90,64548,r
179,90,64564,r
181,90,64581,r
183,90,64598,r
184,90,64614,r
186,90,64631,r
188,90,64648,r
189,90,64664,r
191,90,64681,r
193,90,64698,r
194,90,64714,r
196,90,64731,r
198,90,64748,r
199,90,64764,r
201,90,64781,r
203,90,64798,dr
204,90,64814,d
204,92,64831,d
204,94,64848,d
204,95,64864,d
204,97,64881,d
204,99,64898,d
204,100,64914,d
204,102,64931,
204,104,64948,
204,104,64964,
204,104,64981,
204,104,64998,
204,104,65014,
204,104,65031,
204,104,65048,r
204,104,65064,r
206,104,65081,r
208,104,65098,r
209,104,65114,r
211,104,65131,r
213,104,65148,r
214,104,65164,r
216,104,65181,r
216,104,65198,r
216,104,65214,r
216,104,65231,r
216,104,65248,r
216,104,65264,r
216,104,65281,r
216,104,65298,r
216,104,65314,r
216,104,65331,r
216,104,65348,r
216,104,65364,r
216,104,65381,r
216,104,65398,r
216,104,65414,dr
216,104,65431,dr
216,105,65448,dr
216,107,65464,dr
216,109,65481,d
216,110,65498,d
216,112,65514,d
216,114,65531,d
216,115,65548,d
216,117,65564,d
216,119,65581,d
216,120,65598,d
216,120,65614,d
216,120,65631,d
216,120,65648,dr
216,120,65664,r
216,120,65681,r
218,120,65698,r
219,120,65714,r
221,120,65731,r
223,120,65748,r
224,120,65764,r
226,120,65781,r
228,120,65798,r
229,120,65814,r
231,120,65831,r
233,120,65848,r
234,120,65864,r
236,120,65881,r
238,120,65898,r
239,120,65914,r
241,120,65931,r
243,120,65948,r
244,120,65964,r
246,120,65981,r
248,120,65998,r
249,120,66014,r
251,120,66031,r
253,120,66048,r
254,120,66064,r
256,120,66081,r
258,120,66098,r
259,120,66114,r
261,120,66131,dr
263,120,66148,dr
263,122,66164,d
263,123,66181,d
263,125,66198,d
263,127,66214,d
263,128,66231,d
263,130,66248,d
263,132,66264,d
263,133,66281,d
263,135,66298,d
263,137,66314,d
263,138,66331,d
263,140,66348,d
263,142,66364,d
263,143,66381,d
263,145,66398,d
263,147,66414,dr
263,148,66431,r
263,150,66448,r
264,150,66464,r
266,150,66481,r
268,150,66498,r
269,150,66514,r
271,150,66531,r
273,150,66548,r
274,150,66564,r
276,150,66581,r
278,150,66598,r
279,150,66614,r
281,150,66631,r
283,150,66648,r
284,150,66664,r
286,150,66681,r
288,150,66698,r
289,150,66714,r
291,150,66731,r
293,150,66748,r
294,150,66764,r
296,150,66781,r
298,150,66798,r
299,150,66814,r
301,150,66831,r
303,150,66848,r
304,150,66864,r
306,150,66881,r
308,150,66898,r
309,150,66914,r
311,150,66931,r
313,150,66948,r
314,150,66964,r
316,150,66981,r
318,150,66998,r
319,150,67014,r
321,150,67031,r
323,150,67048,r
324,150,67064,r
326,150,67081,r
328,150,67098,r
329,150,67114,r
331,150,67131,r
333,150,67148,r
334,150,67164,r
336,150,67181,r
338,150,67198,r
339,150,67214,r
341,150,67231,r
343,150,67248,r
344,150,67264,r
346,150,67281,r
348,150,67298,r
349,150,67314,r
351,150,67331,r
353,150,67348,r
354,150,67364,r
356,150,67381,r
358,150,67398,r
359,150,67414,r
361,150,67431,r
363,150,67448,r
364,150,67464,r
366,150,67481,r
368,150,67498,r
369,150,67514,r
371,150,67531,r
373,150,67548,r
374,150,67564,r
376,150,67581,r
378,150,67598,r
379,150,67614,r
381,150,67631,r
383,150,67648,r
384,150,67664,r
386,150,67681,r
388,150,67698,r
389,150,67714,r
391,150,67731,r
393,150,67748,r
394,150,67764,r
396,150,67781,r
398,150,67798,r
399,150,67814,r
401,150,67831,r
403,150,67848,r
404,150,67864,r
406,150,67881,r
408,150,67898,r
409,150,67914,r
411,150,67931,r
413,150,67948,
414,150,67964,
414,150,67981,
414,150,67998,
414,150,68014,
414,150,68031,
414,150,68048,
414,150,68064,
414,150,68081,
414,150,68098,
414,150,68114,
414,150,68131,
414,150,68148,
414,150,68164,
414,150,68181,
414,150,68198,
414,150,68214,
414,150,68231,
414,150,68248,
414,150,68264,
414,150,68281,
414,150,68298,
414,150,68314,
414,150,68331,
414,150,68348,
414,150,68364,
414,150,68381,
414,150,68398,
414,150,68414,
414,150,68431,d
414,150,68448,d
414,152,68464,d
414,153,68481,d
414,155,68498,d
414,157,68514,d
414,158,68531,d
414,160,68548,d
414,162,68564,d
414,163,68581,d
414,165,68598,d
414,167,68614,d
414,168,68631,d
414,170,68648,d
414,172,68664,d
414,173,68681,d
414,175,68698,d
414,177,68714,d
414,178,68731,d
414,180,68748,d
414,182,68764,d
414,183,68781,d
414,185,68798,d
414,187,68814,d
414,188,68831,d
414,190,68848,d
414,192,68864,d
414,193,68881,d
414,195,68898,d
414,197,68914,d
414,198,68931,d
414,200,68948,d
414,202,68964,d
414,203,68981,d
414,205,68998,d
414,207,69014,d
414,208,69031,d
414,210,69048,d
414,212,69064,d
414,213,69081,d
414,215,69098,d
414,217,69114,d
414,218,69131,d
414,220,69148,d
414,222,69164,d
414,223,69181,
414,225,69198,
414,225,69214,
414,225,69231,
414,225,69248,
414,225,69264,
414,225,69281,
414,225,69298,
414,225,69314,u
414,225,69331,u
414,223,69348,u
414,222,69364,u
414,220,69381,u
414,218,69398,u
414,217,69414,u
414,215,69431,u
414,213,69448,u
414,212,69464,u
414,210,69481,u
414,208,69498,u
414,207,69514,u
414,205,69531,u
414,203,69548,u
414,202,69564,u
414,200,69581,u
414,198,69598,u
414,197,69614,u
414,195,69631,u
414,193,69648,u
414,192,69664,u
414,190,69681,u
414,188,69698,u
414,187,69714,u
414,185,69731,u
414,183,69748,u
414,182,69764,u
414,180,69781,u
414,178,69798,u
414,177,69814,u
414,175,69831,u
414,173,69848,u
414,172,69864,u
414,170,69881,u
414,168,69898,u
414,167,69914,u
414,165,69931,u
414,163,69948,u
414,162,69964,u
414,160,69981,u
414,158,69998,u
414,157,70014,u
414,155,70031,u
414,153,70048,u
414,152,70064,u
414,150,70081,u
414,148,70098,u
414,147,70114,u
414,145,70131,u
414,143,70148,u
414,142,70164,u
414,140,70181,u
414,138,70198,u
414,137,70214,u
414,135,70231,u
414,133,70248,u
414,132,70264,u
414,130,70281,u
414,128,70298,u
414,127,70314,u
414,125,70331,u
414,123,70348,u
414,122,70364,u
414,120,70381,u
414,118,70398,u
414,117,70414,u
414,115,70431,
414,113,70448,
414,113,70464,
414,113,70481,
414,113,70498,
414,113,70514,
414,113,70531,
414,113,70548,
414,113,70564,
414,113,70581,
414,113,70598,
414,113,70614,
414,113,70631,
414,113,70648,
414,113,70664,
414,113,70681,
414,113,70698,
414,113,70714,
414,113,70731,
414,113,70748,
414,113,70764,
414,113,70781,
414,113,70798,
414,113,70814,
414,113,70831,
414,113,70848,
414,113,70864,
414,113,70881,
414,113,70898,
414,113,70914,
414,113,70931,
414,113,70948,
414,113,70964,
414,113,70981,
414,113,70998,
414,113,71014,
414,113,71031,
414,113,71048,
414,113,71064,
414,113,71081,
414,113,71098,
414,113,71114,
414,113,71131,
414,113,71148,
414,113,71164,
414,113,71181,
414,113,71198,
414,113,71214,
414,113,71231,
414,113,71248,r
414,113,71264,r
416,113,71281,r
418,113,71298,r
419,113,71314,r
421,113,71331,r
423,113,71348,r
424,113,71364,r
426,113,71381,r
428,113,71398,r
429,113,71414,r
431,113,71431,r
433,113,71448,r
434,113,71464,r
436,113,71481,r
438,113,71498,r
439,113,71514,r
441,113,71531,r
443,113,71548,r
444,113,71564,r
446,113,71581,r
448,113,71598,r
449,113,71614,r
451,113,71631,r
453,113,71648,r
454,113,71664,r
456,113,71681,r
458,113,71698,r
459,113,71714,r
461,113,71731,r
463,113,71748,r
464,113,71764,r
466,113,71781,r
468,113,71798,r
469,113,71814,r
471,113,71831,r
473,113,71848,r
474,113,71864,r
476,113,71881,r
478,113,71898,r
479,113,71914,r
481,113,71931,r
483,113,71948,
484,113,71964,
484,113,71981,
484,113,71998,
484,113,72014,
484,113,72031,
484,113,72048,
484,113,72064,
484,113,72081,
484,113,72098,
484,113,72114,
484,113,72131,
484,113,72148,
484,113,72164,
484,113,72181,
484,113,72198,
484,113,72214,
484,113,72231,
484,113,72248,
484,113,72264,
484,113,72281,
484,113,72298,r
484,113,72314,r
486,113,72331,r
488,113,72348,r
489,113,72364,r
491,113,72381,r
493,113,72398,r
494,113,72414,
496,113,72431,
496,113,72448,
496,113,72464,
496,113,72481,
496,113,72498,
496,113,72514,r
496,113,72531,r
498,113,72548,r
499,113,72564,r
501,113,72581,r
503,113,72598,r
504,113,72614,r
506,113,72631,r
508,113,72648,r
509,113,72664,r
511,113,72681,r
513,113,72698,r
514,113,72714,r
516,113,72731,r
518,113,72748,r
519,113,72764,r
521,113,72781,r
523,113,72798,u
524,113,72814,u
524,112,72831,u
524,110,72848,u
524,108,72864,u
524,107,72881,u
524,105,72898,u
524,103,72914,u
524,102,72931,u
524,100,72948,u
524,98,72964,u
524,97,72981,u
524,95,72998,u
524,93,73014,u
524,92,73031,u
524,90,73048,u
524,88,73064,u
524,87,73081,
524,85,73098,r
524,85,73114,r
526,85,73131,r
528,85,73148,r
529,85,73164,r
531,85,73181,r
533,85,73198,r
534,85,73214,r
536,85,73231,r
538,85,73248,r
539,85,73264,r
541,85,73281,r
543,85,73298,ur
544,85,73314,u
544,83,73331,u
544,82,73348,u
544,80,73364,u
544,78,73381,u
544,77,73398,u
544,75,73414,u
544,73,73431,u
544,72,73448,u
544,72,73464,u
544,72,73481,u
544,72,73498,u
544,72,73514,u
544,72,73531,r
544,72,73548,r
546,72,73564,r
548,72,73581,r
549,72,73598,r
551,72,73614,r
553,72,73631,r
554,72,73648,r
556,72,73664,r
558,72,73681,r
559,72,73698,u
561,72,73714,u
561,70,73731,u
561,69,73748,u
561,67,73764,u
561,65,73781,u
561,64,73798,u
561,62,73814,u
561,60,73831,u
561,59,73848,u
561,57,73864,u
561,55,73881,u
561,54,73898,u
561,52,73914,u
561,50,73931,u
561,49,73948,u
561,47,73964,u
561,45,73981,u
561,44,73998,u
561,42,74014,u
561,40,74031,u
561,40,74048,
561,40,74064,
561,40,74081,
561,40,74098,
561,40,74114,
561,40,74131,
561,40,74148,
561,40,74164,d
561,40,74181,d
561,42,74198,d
561,43,74214,d
561,45,74231,d
561,47,74248,d
561,48,74264,d
561,50,74281,d
561,52,74298,d
561,53,74314,d
561,55,74331,d
561,57,74348,d
561,58,74364,d
561,60,74381,d
561,62,74398,d
561,63,74414,d
561,65,74431,d
561,67,74448,d
561,68,74464,d
561,70,74481,d
561,72,74498,dl
561,73,74514,l
561,75,74531,l
559,75,74548,l
558,75,74564,l
556,75,74581,l
554,75,74598,l
553,75,74614,l
551,75,74631,l
549,75,74648,l
548,75,74664,l
546,75,74681,l
544,75,74698,l
543,75,74714,l
541,75,74731,
539,75,74748,
539,75,74764,d
539,75,74781,d
539,77,74798,d
539,78,74814,d
539,80,74831,d
539,82,74848,d
539,83,74864,d
539,85,74881,d
539,87,74898,d
539,88,74914,d
539,88,74931,d
539,88,74948,d
539,88,74964,d
539,88,74981,d
539,88,74998,d
539,88,75014,d
539,88,75031,d
539,88,75048,l
539,88,75064,l
538,88,75081,l
536,88,75098,l
534,88,75114,l
533,88,75131,l
531,88,75148,l
529,88,75164,l
528,88,75181,l
526,88,75198,l
524,88,75214,l
523,88,75231,l
521,88,75248,dl
520,88,75264,d
520,90,75281,d
520,91,75298,d
520,93,75314,d
520,95,75331,d
520,96,75348,d
520,98,75364,d
520,100,75381,d
520,101,75398,d
520,103,75414,d
520,105,75431,d
520,106,75448,d
520,108,75464,d
520,110,75481,d
520,111,75498,d
520,113,75514,d
520,115,75531,d
520,116,75548,l
520,118,75564,l
518,118,75581,l
517,118,75598,l
515,118,75614,l
513,118,75631,l
512,118,75648,l
510,118,75664,l
508,118,75681,l
507,118,75698,l
505,118,75714,dl
503,118,75731,d
503,120,75748,d
503,121,75764,d
503,123,75781,d
503,125,75798,d
503,126,75814,d
503,128,75831,d
503,130,75848,d
503,131,75864,d
503,133,75881,d
503,135,75898,d
503,136,75914,d
503,138,75931,d
503,140,75948,d
503,141,75964,d
503,143,75981,d
503,145,75998,d
503,146,76014,d
503,148,76031,d
503,150,76048,d
503,151,76064,d
503,153,76081,d
503,155,76098,d
503,156,76114,d
503,158,76131,d
503,160,76148,d
503,161,76164,d
503,163,76181,d
503,165,76198,d
503,166,76214,d
503,168,76231,d
503,170,76248,d
503,171,76264,d
503,173,76281,d
503,175,76298,d
503,176,76314,d
503,178,76331,d
503,180,76348,d
503,181,76364,d
503,183,76381,d
503,185,76398,d
503,186,76414,d
503,188,76431,d
503,190,76448,d
503,191,76464,d
503,193,76481,d
503,195,76498,d
503,196,76514,d
503,198,76531,d
503,200,76548,d
503,201,76564,d
503,203,76581,d
503,205,76598,d
503,206,76614,d
503,208,76631,d
503,210,76648,d
503,211,76664,d
503,213,76681,d
503,215,76698,d
503,216,76714,d
503,218,76731,d
503,220,76748,d
503,221,76764,d
503,223,76781,d
503,225,76798,d
503,226,76814,d
503,228,76831,d
503,230,76848,d
503,231,76864,d
503,233,76881,d
503,235,76898,d
503,236,76914,d
503,238,76931,d
503,240,76948,d
503,241,76964,d
503,243,76981,d
503,245,76998,d
503,246,77014,d
503,248,77031,d
503,250,77048,d
503,251,77064,d
503,253,77081,d
503,255,77098,d
503,256,77114,d
503,258,77131,d
503,260,77148,d
503,261,77164,d
503,263,77181,d
503,265,77198,d
503,266,77214,d
503,268,77231,d
503,270,77248,d
503,271,77264,d
503,273,77281,d
503,275,77298,
503,276,77314,
503,276,77331,
503,276,77348,
503,276,77364,
503,276,77381,u
503,276,77398,u
503,275,77414,u
503,273,77431,u
503,271,77448,u
503,270,77464,u
503,268,77481,u
503,266,77498,u
503,265,77514,u
503,263,77531,u
503,261,77548,u
503,260,77564,u
503,258,77581,u
503,256,77598,u
503,255,77614,u
503,253,77631,u
503,251,77648,u
503,250,77664,u
503,248,77681,u
503,246,77698,u
503,245,77714,u
503,243,77731,u
503,241,77748,u
503,240,77764,u
503,238,77781,u
503,236,77798,u
503,235,77814,u
503,233,77831,u
503,231,77848,u
503,230,77864,u
503,228,77881,u
503,226,77898,u
503,225,77914,u
503,223,77931,u
503,221,77948,u
503,220,77964,u
503,218,77981,u
503,216,77998,u
503,215,78014,u
503,213,78031,u
503,211,78048,u
503,210,78064,u
503,208,78081,u
503,206,78098,u
503,205,78114,u
503,203,78131,u
503,201,78148,u
503,200,78164,u
503,198,78181,u
503,196,78198,u
503,195,78214,u
503,193,78231,u
503,191,78248,u
503,190,78264,u
503,188,78281,u
503,186,78298,u
503,185,78314,u
503,183,78331,u
503,181,78348,u
503,180,78364,u
503,178,78381,u
503,176,78398,u
503,175,78414,u
503,173,78431,u
503,171,78448,u
503,170,78464,u
503,168,78481,u
503,166,78498,u
503,165,78514,u
503,163,78531,u
503,161,78548,u
503,160,78564,u
503,158,78581,u
503,156,78598,u
503,155,78614,u
503,153,78631,u
503,151,78648,u
503,150,78664,u
503,148,78681,u
503,146,78698,u
503,145,78714,u
503,143,78731,u
503,141,78748,u
503,140,78764,u
503,138,78781,u
503,136,78798,u
503,135,78814,u
503,133,78831,u
503,131,78848,u
503,130,78864,u
503,128,78881,u
503,126,78898,u
503,125,78914,u
503,123,78931,u
503,121,78948,u
503,120,78964,u
503,118,78981,u
503,116,78998,u
503,115,79014,u
503,113,79031,u
503,111,79048,u
503,110,79064,u
503,108,79081,u
503,106,79098,u
503,105,79114,
503,104,79131,l
503,104,79148,l
502,104,79164,l
500,104,79181,l
498,104,79198,l
497,104,79214,l
495,104,79231,l
493,104,79248,l
492,104,79264,l
490,104,79281,l
488,104,79298,l
487,104,79314,l
485,104,79331,l
483,104,79348,l
482,104,79364,l
480,104,79381,l
478,104,79398,l
477,104,79414,l
475,104,79431,l
473,104,79448,l
472,104,79464,l
470,104,79481,l
468,104,79498,l
467,104,79514,l
465,104,79531,l
463,104,79548,l
462,104,79564,l
460,104,79581,l
458,104,79598,l
457,104,79614,l
455,104,79631,l
453,104,79648,l
452,104,79664,l
450,104,79681,l
448,104,79698,l
447,104,79714,l
445,104,79731,l
443,104,79748,l
442,104,79764,l
440,104,79781,l
438,104,79798,l
437,104,79814,l
435,104,79831,dl
433,104,79848,d
433,106,79864,d
433,107,79881,d
433,109,79898,d
433,111,79914,d
433,112,79931,d
433,114,79948,d
433,116,79964,d
433,117,79981,d
433,119,79998,d
433,121,80014,d
433,122,80031,d
433,124,80048,d
433,126,80064,d
433,127,80081,d
433,129,80098,d
433,131,80114,d
433,132,80131,d
433,134,80148,d
433,136,80164,d
433,137,80181,d
433,139,80198,d
433,141,80214,d
433,142,80231,d
433,144,80248,d
433,146,80264,d
433,147,80281,d
433,149,80298,d
433,151,80314,d
433,152,80331,d
433,154,80348,d
433,156,80364,d
433,157,80381,d
433,159,80398,d
433,161,80414,d
433,162,80431,d
433,164,80448,d
433,166,80464,d
433,167,80481,d
433,169,80498,d
433,171,80514,d
433,172,80531,d
433,174,80548,d
433,176,80564,d
433,177,80581,d
433,179,80598,d
433,181,80614,d
433,182,80631,d
433,184,80648,d
433,186,80664,d
433,187,80681,d
433,189,80698,d
433,191,80714,d
433,192,80731,d
433,194,80748,d
433,196,80764,d
433,197,80781,d
433,199,80798,d
433,201,80814,d
433,202,80831,d
433,204,80848,d
433,206,80864,d
433,207,80881,d
433,209,80898,d
433,211,80914,d
433,212,80931,d
433,214,80948,d
433,216,80964,d
433,217,80981,d
433,219,80998,d
433,221,81014,d
433,222,81031,d
433,224,81048,d
433,226,81064,d
433,227,81081,d
433,229,81098,d
433,231,81114,d
433,232,81131,d
433,234,81148,d
433,236,81164,d
433,237,81181,d
433,239,81198,d
433,241,81214,d
433,242,81231,d
433,244,81248,d
433,246,81264,d
433,247,81281,d
433,249,81298,d
433,251,81314,d
433,252,81331,d
433,254,81348,d
433,256,81364,d
433,257,81381,d
433,259,81398,d
433,261,81414,d
433,262,81431,d
433,264,81448,d
433,266,81464,d
433,267,81481,d
433,269,81498,d
433,271,81514,d
433,272,81531,d
433,274,81548,d
433,276,81564,d
433,277,81581,d
433,279,81598,d
433,281,81614,d
433,282,81631,d
433,284,81648,d
433,286,81664,d
433,287,81681,d
433,289,81698,d
433,291,81714,d
433,292,81731,d
433,294,81748,d
433,296,81764,d
433,297,81781,d
433,299,81798,d
433,301,81814,d
433,302,81831,d
433,304,81848,d
433,306,81864,d
433,307,81881,d
433,309,81898,d
433,311,81914,d
433,312,81931,d
433,314,81948,d
433,316,81964,d
433,317,81981,d
433,319,81998,d
433,321,82014,d
433,322,82031,d
433,324,82048,d
433,326,82064,d
433,327,82081,r
433,329,82098,r
435,329,82114,r
437,329,82131,r
438,329,82148,r
440,329,82164,r
442,329,82181,r
443,329,82198,r
445,329,82214,r
447,329,82231,r
448,329,82248,r
450,329,82264,r
452,329,82281,r
453,329,82298,r
455,329,82314,r
457,329,82331,r
458,329,82348,r
460,329,82364,r
462,329,82381,r
463,329,82398,r
465,329,82414,r
467,329,82431,r
468,329,82448,r
470,329,82464,r
472,329,82481,r
473,329,82498,r
475,329,82514,r
477,329,82531,r
478,329,82548,r
480,329,82564,r
482,329,82581,r
483,329,82598,r
485,329,82614,r
487,329,82631,r
488,329,82648,r
490,329,82664,r
492,329,82681,r
493,329,82698,r
495,329,82714,r
497,329,82731,r
498,329,82748,r
500,329,82764,r
502,329,82781,r
503,329,82798,r
505,329,82814,r
507,329,82831,r
508,329,82848,r
510,329,82864,r
512,329,82881,r
513,329,82898,r
515,329,82914,r
517,329,82931,r
518,329,82948,r
520,329,82964,r
522,329,82981,r
523,329,82998,r
525,329,83014,r
527,329,83031,r
528,329,83048,r
530,329,83064,r
532,329,83081,r
533,329,83098,r
535,329,83114,r
537,329,83131,r
538,329,83148,r
540,329,83164,r
542,329,83181,r
543,329,83198,r
545,329,83214,r
547,329,83231,r
548,329,83248,r
550,329,83264,r
552,329,83281,r
553,329,83298,r
555,329,83314,r
557,329,83331,r
558,329,83348,r
560,329,83364,r
562,329,83381,r
563,329,83398,r
565,329,83414,r
567,329,83431,r
568,329,83448,r
570,329,83464,r
572,329,83481,r
573,329,83498,r
575,329,83514,r
577,329,83531,r
578,329,83548,r
580,329,83564,r
582,329,83581,r
583,329,83598,r
585,329,83614,r
587,329,83631,r
588,329,83648,r
590,329,83664,r
592,329,83681,r
593,329,83698,r
595,329,83714,r
597,329,83731,r
598,329,83748,r
600,329,83764,r
602,329,83781,r
603,329,83798,r
605,329,83814,r
607,329,83831,r
608,329,83848,r
610,329,83864,r
612,329,83881,r
613,329,83898,r
615,329,83914,r
617,329,83931,r
618,329,83948,r
620,329,83964,r
622,329,83981,ur
623,329,83998,ur
623,327,84014,ur
623,326,84031,ur
623,324,84048,u
623,322,84064,u
623,321,84081,u
623,319,84098,u
623,317,84114,u
623,316,84131,u
623,314,84148,u
623,312,84164,u
623,311,84181,u
623,309,84198,u
623,307,84214,u
623,306,84231,u
623,304,84248,u
623,302,84264,u
623,301,84281,u
623,299,84298,u
623,297,84314,u
623,296,84331,u
623,294,84348,u
623,292,84364,u
623,291,84381,u
623,289,84398,u
623,287,84414,u
623,286,84431,u
623,284,84448,u
623,282,84464,u
623,281,84481,u
623,279,84498,u
623,277,84514,u
623,276,84531,u
623,274,84548,u
623,272,84564,u
623,271,84581,u
623,269,84598,u
623,267,84614,u
623,266,84631,u
623,264,84648,u
623,262,84664,u
623,261,84681,u
623,259,84698,u
623,257,84714,u
623,256,84731,u
623,254,84748,u
623,252,84764,u
623,251,84781,u
623,249,84798,u
623,247,84814,u
623,246,84831,u
623,244,84848,u
623,242,84864,u
623,241,84881,u
623,239,84898,u
623,237,84914,u
623,236,84931,u
623,234,84948,u
623,232,84964,u
623,231,84981,u
623,229,84998,u
623,227,85014,u
623,226,85031,u
623,224,85048,u
623,222,85064,u
623,221,85081,u
623,219,85098,u
623,217,85114,u
623,216,85131,u
623,214,85148,u
623,212,85164,u
623,211,85181,u
623,209,85198,u
623,207,85214,u
623,206,85231,u
623,204,85248,u
623,202,85264,u
623,201,85281,u
623,199,85298,u
623,197,85314,u
623,196,85331,u
623,194,85348,u
623,192,85364,u
623,191,85381,u
623,189,85398,u
623,187,85414,u
623,186,85431,u
623,184,85448,u
623,182,85464,u
623,181,85481,u
623,179,85497,u
623,177,85514,u
623,176,85531,u
623,174,85548,u
623,172,85564,u
623,171,85581,u
623,169,85597,u
623,167,85614,u
623,166,85631,u
623,164,85648,u
623,162,85664,u
623,161,85681,u
623,159,85698,u
623,157,85714,u
623,156,85731,u
623,154,85747,u
623,152,85764,u
623,151,85781,u
623,149,85797,u
623,147,85814,u
623,146,85831,u
623,144,85848,u
623,142,85864,u
623,141,85881,u
623,139,85897,u
623,137,85914,u
623,136,85931,u
623,134,85948,u
623,132,85964,u
623,131,85981,u
623,129,85997,u
623,127,86014,u
623,126,86031,u
623,124,86048,u
623,122,86064,u
623,121,86081,u
623,119,86098,u
623,117,86114,u
623,116,86131,u
623,114,86148,u
623,112,86164,u
623,111,86181,u
623,109,86198,u
623,107,86214,u
623,106,86231,u
623,104,86247,u
623,102,86264,u
623,101,86281,u
623,99,86298,u
623,97,86314,u
623,96,86331,u
623,94,86348,u
623,92,86364,u
623,91,86381,u
623,89,86398,u
623,87,86414,u
623,86,86431,u
623,84,86448,u
623,82,86464,u
623,81,86481,u
623,79,86497,u
623,77,86514,u
623,76,86531,u
623,74,86547,u
623,72,86564,u
623,71,86581,u
623,69,86598,u
623,67,86614,u
623,66,86631,u
623,64,86647,u
623,62,86664,u
623,61,86681,u
623,59,86697,u
623,57,86714,u
623,56,86731,u
623,54,86748,u
623,52,86764,u
623,51,86781,u
623,49,86798,u
623,47,86814,u
623,46,86831,u
623,44,86847,u
623,42,86864,u
623,41,86881,u
623,40,86898,u
623,40,86914,u
623,40,86931,u
623,40,86947,u
623,40,86964,u
623,40,86981,u
623,40,86998,
623,40,87014,
623,40,87031,
623,40,87047,
623,40,87064,
623,40,87081,
623,40,87098,
623,40,87114,d
623,40,87131,d
623,42,87147,d
623,43,87164,d
623,45,87181,d
623,47,87197,d
623,48,87214,d
623,50,87231,d
623,52,87247,d
623,53,87264,d
623,55,87281,d
623,57,87297,d
623,58,87314,d
623,60,87331,d
623,62,87347,d
623,63,87364,d
623,65,87381,d
623,67,87397,d
623,68,87414,d
623,70,87431,d
623,72,87447,d
623,73,87464,d
623,75,87481,d
623,77,87497,d
623,78,87514,d
623,80,87531,d
623,82,87547,d
623,83,87564,d
623,85,87581,d
623,87,87597,d
623,88,87614,d
623,90,87631,d
623,92,87647,d
623,93,87664,d
623,95,87681,d
623,97,87697,d
623,98,87714,d
623,100,87731,d
623,102,87747,d
623,103,87764,d
623,105,87781,d
623,107,87797,d
623,108,87814,d
623,110,87831,d
623,112,87847,d
623,113,87864,d
623,115,87881,d
623,117,87897,d
623,118,87914,d
623,120,87931,d
623,122,87947,d
623,123,87964,d
623,125,87981,d
623,127,87997,d
623,128,88014,d
623,130,88031,d
623,132,88047,d
623,133,88064,d
623,135,88081,d
623,137,88097,d
623,138,88114,d
623,140,88131,d
623,142,88147,d
623,143,88164,d
623,145,88181,d
623,147,88197,d
623,148,88214,d
623,150,88231,d
623,152,88247,d
623,153,88264,d
623,155,88281,d
623,157,88297,d
623,158,88314,d
623,160,88331,d
623,162,88347,d
623,163,88364,d
623,165,88381,d
623,167,88397,d
623,168,88414,d
623,170,88431,d
623,172,88447,d
623,173,88464,d
623,175,88481,d
623,177,88497,d
623,178,88514,d
623,180,88531,d
623,182,88547,d
623,183,88564,d
623,185,88581,d
623,187,88597,d
623,188,88614,d
623,190,88631,d
623,192,88647,d
623,193,88664,d
623,195,88681,d
623,197,88697,d
623,198,88714,d
623,200,88731,d
623,202,88747,d
623,203,88764,d
623,205,88781,d
623,207,88797,d
623,208,88814,d
623,210,88831,d
623,212,88847,d
623,213,88864,d
623,215,88881,d
623,217,88897,d
623,218,88914,d
623,220,88931,d
623,222,88947,d
623,223,88964,d
623,225,88981,d
623,227,88997,d
623,228,89014,d
623,230,89031,d
623,232,89047,d
623,233,89064,d
623,235,89081,d
623,237,89097,d
623,238,89114,d
623,240,89131,d
623,242,89147,d
623,243,89164,d
623,245,89181,d
623,247,89197,d
623,248,89214,d
623,250,89231,d
623,252,89247,d
623,253,89264,d
623,255,89281,d
623,257,89297,d
623,258,89314,d
623,260,89331,d
623,262,89347,d
623,263,89364,d
623,265,89381,d
623,267,89397,d
623,268,89414,d
623,270,89431,d
623,272,89447,d
623,273,89464,d
623,275,89481,d
623,277,89497,d
623,278,89514,d
623,280,89531,d
623,282,89547,d
623,283,89564,d
623,285,89581,d
623,287,89597,d
623,288,89614,d
623,290,89631,d
623,292,89647,d
623,293,89664,d
623,295,89681,d
623,297,89697,d
623,298,89714,d
623,300,89731,d
623,302,89747,d
623,303,89764,d
623,305,89781,d
623,307,89797,d
623,308,89814,d
623,310,89831,d
623,312,89847,d
623,313,89864,d
623,315,89881,d
623,317,89897,d
623,318,89914,d
623,320,89931,d
623,322,89947,d
623,323,89964,d
623,325,89981,d
623,327,89997,d
623,328,90014,d
623,330,90031,d
623,332,90047,d
623,333,90064,d
623,335,90081,dl
623,337,90097,dl
623,338,90114,dl
623,340,90131,dl
623,342,90147,l
623,343,90164,l
622,343,90181,l
620,343,90197,l
618,343,90214,l
617,343,90231,l
615,343,90247,l
613,343,90264,l
612,343,90281,l
610,343,90297,
608,343,90314,
608,343,90331,
608,343,90347,
608,343,90364,
608,343,90381,
608,343,90397,
608,343,90414,
608,343,90431,
608,343,90447,l
608,343,90464,l
607,343,90481,l
605,343,90497,l
603,343,90514,l
602,343,90531,l
600,343,90547,l
598,343,90564,l
597,343,90581,l
595,343,90597,l
593,343,90614,l
592,343,90631,l
590,343,90647,l
588,343,90664,l
587,343,90681,l
585,343,90697,l
583,343,90714,l
582,343,90731,l
580,343,90747,l
578,343,90764,l
577,343,90781,l
575,343,90797,l
573,343,90814,l
572,343,90831,l
570,343,90847,l
568,343,90864,l
567,343,90881,l
565,343,90897,l
563,343,90914,l
562,343,90931,l
560,343,90947,l
558,343,90964,l
557,343,90981,l
555,343,90997,l
553,343,91014,l
552,343,91031,l
550,343,91047,l
548,343,91064,l
547,343,91081,l
545,343,91097,l
543,343,91114,l
542,343,91131,l
540,343,91147,l
538,343,91164,l
537,343,91181,l
535,343,91197,l
533,343,91214,l
532,343,91231,l
530,343,91247,l
528,343,91264,l
527,343,91281,l
525,343,91297,l
523,343,91314,l
522,343,91331,l
520,343,91347,l
518,343,91364,l
517,343,91381,l
515,343,91397,l
513,343,91414,l
512,343,91431,l
510,343,91447,l
508,343,91464,l
507,343,91481,l
505,343,91497,l
503,343,91514,l
502,343,91531,l
500,343,91547,l
498,343,91564,l
497,343,91581,l
495,343,91597,l
493,343,91614,l
492,343,91631,l
490,343,91647,l
488,343,91664,l
487,343,91681,l
485,343,91697,l
483,343,91714,l
482,343,91731,l
480,343,91747,l
478,343,91764,l
477,343,91781,l
475,343,91797,l
473,343,91814,l
472,343,91831,l
470,343,91847,l
468,343,91864,l
467,343,91881,l
465,343,91897,l
463,343,91914,l
462,343,91931,l
460,343,91947,l
458,343,91964,l
457,343,91981,l
455,343,91997,l
453,343,92014,l
452,343,92031,l
450,343,92047,l
448,343,92064,l
447,343,92081,l
445,343,92097,l
443,343,92114,l
442,343,92131,l
440,343,92147,l
438,343,92164,l
437,343,92181,l
435,343,92197,l
433,343,92214,l
432,343,92231,l
430,343,92247,l
428,343,92264,l
427,343,92281,l
425,343,92297,l
423,343,92314,l
422,343,92331,l
420,343,92347,l
418,343,92364,l
417,343,92381,l
415,343,92397,l
413,343,92414,l
412,343,92431,l
410,343,92447,l
408,343,92464,l
407,343,92481,dl
405,343,92497,d
405,345,92514,d
405,347,92531,d
405,348,92547,d
405,350,92564,d
405,352,92581,d
405,353,92597,d
405,355,92614,d
405,357,92631,d
405,358,92647,d
405,360,92664,d
405,362,92681,d
405,363,92697,d
405,365,92714,d
405,367,92731,d
405,368,92747,d
405,370,92764,d
405,372,92781,d
405,373,92797,d
405,375,92814,d
405,377,92831,d
405,378,92847,d
405,380,92864,d
405,382,92881,d
405,383,92897,d
405,385,92914,d
405,387,92931,d
405,388,92947,d
405,390,92964,d
405,392,92981,d
405,393,92997,d
405,395,93014,d
405,397,93031,d
405,398,93047,d
405,400,93064,d
405,402,93081,
405,403,93097,
405,403,93114,r
405,403,93131,r
407,403,93147,r
408,403,93164,r
410,403,93181,r
412,403,93197,r
413,403,93214,r
415,403,93231,r
417,403,93247,r
418,403,93264,r
420,403,93281,r
422,403,93297,r
423,403,93314,r
425,403,93331,r
427,403,93347,r
428,403,93364,r
430,403,93381,r
432,403,93397,r
433,403,93414,r
435,403,93431,r
437,403,93447,r
438,403,93464,r
440,403,93481,r
442,403,93497,r
443,403,93514,r
445,403,93531,r
447,403,93547,r
448,403,93564,r
450,403,93581,r
452,403,93597,r
453,403,93614,r
455,403,93631,r
457,403,93647,r
458,403,93664,r
460,403,93681,r
462,403,93697,r
463,403,93714,r
465,403,93731,r
467,403,93747,r
468,403,93764,r
470,403,93781,r
472,403,93797,r
473,403,93814,r
475,403,93831,r
477,403,93847,r
478,403,93864,r
480,403,93881,r
482,403,93897,r
483,403,93914,r
485,403,93931,r
487,403,93947,r
488,403,93964,r
490,403,93981,r
492,403,93997,r
493,403,94014,r
495,403,94031,r
497,403,94047,r
498,403,94064,r
500,403,94081,r
502,403,94097,r
503,403,94114,r
505,403,94131,r
507,403,94147,r
508,403,94164,r
510,403,94181,r
512,403,94197,r
513,403,94214,r
515,403,94231,r
517,403,94247,r
518,403,94264,r
520,403,94281,r
522,403,94297,r
523,403,94314,r
525,403,94331,r
527,403,94347,r
528,403,94364,r
530,403,94381,r
532,403,94397,r
533,403,94414,r
535,403,94431,r
537,403,94447,r
538,403,94464,r
540,403,94481,r
542,403,94497,r
543,403,94514,r
545,403,94531,dr
547,403,94547,dr
547,405,94564,d
547,407,94581,d
547,408,94597,d
547,410,94614,d
547,412,94631,d
547,413,94647,d
547,415,94664,d
547,417,94681,d
547,418,94697,d
547,420,94714,d
547,422,94731,d
547,423,94747,d
547,425,94764,d
547,427,94781,d
547,428,94797,d
547,430,94814,d
547,432,94831,d
547,433,94847,d
547,435,94864,d
547,437,94881,d
547,438,94897,r
547,440,94914,r
548,440,94931,r
550,440,94947,r
552,440,94964,r
553,440,94981,r
555,440,94997,r
557,440,95014,r
558,440,95031,r
560,440,95047,
562,440,95064,d
562,440,95081,d
562,442,95097,d
562,443,95114,d
562,445,95131,d
562,447,95147,d
562,448,95164,
562,450,95181,
562,450,95197,
562,450,95214,
562,450,95231,
562,450,95247,
562,450,95264,
562,450,95281,
562,450,95297,l
562,450,95314,l
560,450,95331,l
558,450,95347,l
557,450,95364,ul
555,450,95381,ul
555,448,95397,ul
555,447,95414,l
555,445,95431,l
553,445,95447,l
552,445,95464,l
552,445,95481,l
552,445,95497,l
552,445,95514,l
552,445,95531,l
552,445,95547,l
552,445,95564,l
552,445,95581,l
552,445,95597,l
552,445,95614,l
552,445,95631,l
552,445,95647,l
552,445,95664,l
552,445,95681,l
552,445,95697,l
552,445,95714,l
552,445,95731,l
552,445,95747,l
552,445,95764,l
552,445,95781,l
552,445,95797,l
552,445,95814,l
552,445,95831,l
552,445,95847,l
552,445,95864,ul
552,445,95881,u
552,443,95897,u
552,442,95914,u
552,440,95931,u
552,438,95947,u
552,437,95964,u
552,435,95981,
552,433,95997,
552,433,96014,
552,433,96031,
552,433,96047,l
552,433,96064,l
550,433,96081,l
549,433,96097,l
547,433,96114,l
545,433,96131,l
544,433,96147,l
542,433,96164,l
540,433,96181,l
539,433,96197,l
537,433,96214,l
535,433,96231,l
534,433,96247,l
532,433,96264,l
530,433,96281,l
529,433,96297,l
527,433,96314,l
525,433,96331,l
524,433,96347,l
522,433,96364,l
520,433,96381,l
519,433,96397,l
517,433,96414,l
515,433,96431,l
514,433,96447,l
512,433,96464,l
510,433,96481,l
509,433,96497,l
507,433,96514,l
505,433,96531,dl
504,433,96547,dl
504,435,96564,dl
504,437,96581,dl
504,438,96597,dl
504,440,96614,dl
504,442,96631,d
504,443,96647,d
504,445,96664,d
504,447,96681,d
504,448,96697,d
504,450,96714,d
504,452,96731,d
504,453,96747,d
504,455,96764,d
504,457,96781,d
504,458,96797,d
504,460,96814,d
504,462,96831,d
504,463,96847,d
504,465,96864,d
504,467,96881,d
504,468,96897,d
504,470,96914,d
504,472,96931,d
504,473,96947,d
504,475,96964,d
504,477,96981,d
504,478,96997,d
504,480,97014,d
504,482,97031,d
504,483,97047,d
504,485,97064,d
504,487,97081,d
504,488,97097,d
504,490,97114,d
504,492,97131,d
504,493,97147,dl
504,495,97164,dl
504,497,97181,dl
504,498,97197,l
504,500,97214,l
502,500,97231,l
500,500,97247,l
499,500,97264,l
497,500,97281,l
495,500,97297,l
494,500,97314,l
492,500,97331,l
490,500,97347,l
489,500,97364,l
487,500,97381,l
485,500,97397,l
484,500,97414,l
482,500,97431,l
480,500,97447,l
479,500,97464,l
477,500,97481,l
475,500,97497,l
474,500,97514,l
472,500,97531,l
470,500,97547,l
469,500,97564,l
467,500,97581,l
465,500,97597,l
464,500,97614,l
462,500,97631,l
460,500,97647,l
459,500,97664,l
457,500,97681,l
455,500,97697,l
454,500,97714,l
452,500,97731,l
450,500,97747,l
449,500,97764,l
447,500,97781,l
445,500,97797,l
444,500,97814,l
442,500,97831,l
440,500,97847,l
439,500,97864,l
437,500,97881,l
435,500,97897,l
434,500,97914,l
432,500,97931,l
430,500,97947,l
429,500,97964,l
427,500,97981,l
425,500,97997,l
424,500,98014,l
422,500,98031,l
420,500,98047,dl
419,500,98064,dl
419,502,98081,dl
419,503,98097,dl
419,505,98114,dl
419,507,98131,dl
419,508,98147,dl
419,510,98164,d
419,512,98181,d
419,513,98197,d
419,515,98214,d
419,517,98231,d
419,518,98247,d
419,520,98264,d
419,522,98281,d
419,523,98297,d
419,525,98314,d
419,527,98331,d
419,528,98347,d
419,530,98364,
419,532,98381,l
419,532,98397,l
417,532,98414,l
415,532,98431,l
414,532,98447,l
412,532,98464,l
410,532,98481,l
409,532,98497,l
407,532,98514,l
405,532,98531,l
404,532,98547,l
402,532,98564,l
400,532,98581,l
399,532,98597,dl
397,532,98614,dl
397,533,98631,dl
397,535,98647,dl
397,537,98664,d
397,538,98681,d
397,540,98697,d
397,542,98714,d
397,543,98731,d
397,545,98747,d
397,547,98764,d
397,548,98781,d
397,550,98797,d
397,552,98814,d
397,553,98831,d
397,555,98847,d
397,557,98864,d
397,558,98881,d
397,560,98897,d
397,562,98914,d
397,563,98931,d
397,565,98947,d
397,567,98964,d
397,568,98981,d
397,570,98997,d
397,572,99014,d
397,573,99031,d
397,575,99047,d
397,577,99064,d
397,578,99081,d
397,580,99097,d
397,582,99114,d
397,583,99131,d
397,585,99147,d
397,587,99164,d
397,588,99181,d
397,590,99197,d
397,592,99214,d
397,593,99231,d
397,595,99247,d
397,597,99264,dl
397,598,99281,dl
397,600,99297,l
397,600,99314,l
395,600,99331,l
394,600,99347,l
392,600,99364,l
390,600,99381,l
389,600,99397,l
387,600,99414,l
385,600,99431,l
384,600,99447,l
382,600,99464,l
380,600,99481,l
379,600,99497,l
377,600,99514,l
375,600,99531,l
374,600,99547,l
372,600,99564,l
370,600,99581,l
369,600,99597,l
367,600,99614,l
365,600,99631,l
364,600,99647,l
362,600,99664,l
360,600,99681,l
359,600,99697,l
357,600,99714,l
355,600,99731,l
354,600,99747,l
352,600,99764,l
350,600,99781,l
349,600,99797,l
347,600,99814,ul
345,600,99831,ul
345,598,99847,u
345,597,99864,u
345,595,99881,u
345,593,99897,u
345,592,99914,u
345,590,99931,u
345,588,99947,u
345,587,99964,u
345,585,99981,u
345,584,99997,u
345,584,100014,u
345,584,100031,u
345,584,100047,u
345,584,100064,u
345,584,100081,u
345,584,100097,u
345,584,100114,u
345,584,100131,u
345,584,100147,u
345,584,100164,u
345,584,100181,u
345,584,100197,u
345,584,100214,u
345,584,100231,u
345,584,100247,u
345,584,100264,ul
345,584,100281,ul
345,584,100297,ul
345,584,100314,ul
345,584,100331,ul
345,584,100347,ul
345,584,100364,ul
345,584,100381,ul
345,584,100397,u
345,584,100414,u
345,584,100431,u
345,584,100447,u
345,584,100464,u
345,584,100481,u
345,584,100497,u
345,584,100514,u
345,584,100531,u
345,584,100547,
345,584,100564,
345,584,100581,
345,584,100597,
345,584,100614,l
345,584,100631,l
344,584,100647,l
342,584,100664,l
340,584,100681,l
339,584,100697,l
337,584,100714,l
335,584,100731,l
334,584,100747,l
332,584,100764,
330,584,100781,
330,584,100797,
330,584,100814,u
330,584,100831,u
330,582,100847,u
330,581,100864,u
330,579,100881,u
330,577,100897,u
330,576,100914,u
330,574,100931,u
330,572,100947,u
330,571,100964,u
330,569,100981,u
330,567,100997,u
330,566,101014,u
330,564,101031,u
330,562,101047,u
330,561,101064,u
330,559,101081,u
330,557,101097,u
330,556,101114,u
330,554,101131,u
330,552,101147,u
330,551,101164,u
330,549,101181,u
330,547,101197,u
330,546,101214,u
330,544,101231,u
330,542,101247,u
330,541,101264,u
330,539,101281,u
330,537,101297,u
330,536,101314,u
330,534,101331,u
330,532,101347,u
330,531,101364,u
330,529,101381,u
330,527,101397,u
330,526,101414,u
330,524,101431,u
330,522,101447,u
330,521,101464,u
330,519,101481,u
330,517,101497,u
330,516,101514,u
330,514,101531,u
330,512,101547,u
330,511,101564,u
330,509,101581,u
330,507,101597,u
330,506,101614,u
330,504,101631,u
330,502,101647,u
330,501,101664,u
330,499,101681,u
330,497,101697,u
330,496,101714,u
330,494,101731,u
330,492,101747,u
330,491,101764,u
330,489,101781,u
330,487,101797,u
330,486,101814,u
330,484,101831,u
330,482,101847,u
330,481,101864,u
330,479,101881,u
330,477,101897,u
330,476,101914,u
330,474,101931,u
330,472,101947,u
330,471,101964,u
330,469,101981,u
330,467,101997,u
330,466,102014,u
330,464,102031,u
330,462,102047,u
330,461,102064,u
330,459,102081,u
330,457,102097,u
330,456,102114,u
330,454,102131,u
330,452,102147,u
330,451,102164,u
330,449,102181,u
330,447,102197,u
330,446,102214,u
330,444,102231,u
330,442,102247,u
330,441,102264,u
330,439,102281,u
330,437,102297,u
330,436,102314,u
330,434,102331,u
330,432,102347,u
330,431,102364,u
330,429,102381,u
330,427,102397,u
330,426,102414,u
330,424,102431,u
330,422,102447,u
330,421,102464,u
330,419,102481,u
330,417,102497,u
330,416,102514,u
330,414,102531,u
330,412,102547,u
330,411,102564,u
330,409,102581,u
330,407,102597,u
330,406,102614,u
330,404,102631,u
330,402,102647,u
330,401,102664,u
330,399,102681,u
330,397,102697,u
330,396,102714,u
330,394,102731,u
330,392,102747,u
330,391,102764,u
330,389,102781,u
330,387,102797,u
330,386,102814,u
330,384,102831,u
330,382,102847,u
330,381,102864,u
330,379,102881,u
330,377,102897,u
330,376,102914,u
330,374,102931,u
330,372,102947,ul
330,371,102964,ul
330,369,102981,l
330,367,102997,l
329,367,103014,l
327,367,103031,l
325,367,103047,l
324,367,103064,l
322,367,103081,l
320,367,103097,l
319,367,103114,l
317,367,103131,l
315,367,103147,l
314,367,103164,l
312,367,103181,l
310,367,103197,l
309,367,103214,l
307,367,103231,l
305,367,103247,l
304,367,103264,l
302,367,103281,l
300,367,103297,l
299,367,103314,l
297,367,103331,l
295,367,103347,l
294,367,103364,l
292,367,103381,l
290,367,103397,l
289,367,103414,l
287,367,103431,l
285,367,103447,l
284,367,103464,l
282,367,103481,l
280,367,103497,l
279,367,103514,l
277,367,103531,l
275,367,103547,l
274,367,103564,l
272,367,103581,l
270,367,103597,l
269,367,103614,l
267,367,103631,l
265,367,103647,l
264,367,103664,l
262,367,103681,l
260,367,103697,l
259,367,103714,l
257,367,103731,l
255,367,103747,l
254,367,103764,l
252,367,103781,l
250,367,103797,l
249,367,103814,l
247,367,103831,l
245,367,103847,l
244,367,103864,l
242,367,103881,l
240,367,103897,l
239,367,103914,l
237,367,103931,l
235,367,103947,l
234,367,103964,l
232,367,103981,l
230,367,103997,l
229,367,104014,l
227,367,104031,l
225,367,104047,l
224,367,104064,l
222,367,104081,l
220,367,104097,l
219,367,104114,l
217,367,104131,l
215,367,104147,l
214,367,104164,l
212,367,104181,l
210,367,104197,l
209,367,104214,l
207,367,104231,l
205,367,104247,l
204,367,104264,l
202,367,104281,l
200,367,104297,l
199,367,104314,l
197,367,104331,l
195,367,104347,l
194,367,104364,l
192,367,104381,l
190,367,104397,l
189,367,104414,l
187,367,104431,l
185,367,104447,l
184,367,104464,l
182,367,104481,l
180,367,104497,l
179,367,104514,l
177,367,104531,l
175,367,104547,
174,367,104564,d
174,367,104581,d
174,369,104597,d
174,371,104614,d
174,372,104631,d
174,374,104647,d
174,376,104664,d
174,377,104681,d
174,379,104697,d
174,381,104714,d
174,382,104731,d
174,384,104747,d
174,386,104764,d
174,387,104781,d
174,389,104797,d
174,391,104814,d
174,392,104831,d
174,394,104847,d
174,396,104864,d
174,397,104881,d
174,399,104897,d
174,401,104914,d
174,402,104931,d
174,404,104947,d
174,406,104964,d
174,407,104981,d
174,409,104997,d
174,411,105014,d
174,412,105031,d
174,414,105047,d
174,416,105064,d
174,417,105081,d
174,419,105097,d
174,421,105114,d
174,422,105131,d
174,424,105147,d
174,426,105164,d
174,427,105181,d
174,429,105197,d
174,431,105214,d
174,432,105231,d
174,434,105247,d
174,436,105264,d
174,437,105281,d
174,439,105297,d
174,441,105314,d
174,442,105331,d
174,444,105347,d
174,446,105364,d
174,447,105381,d
174,449,105397,d
174,451,105414,d
174,452,105431,d
174,454,105447,d
174,456,105464,d
174,457,105481,d
174,459,105497,d
174,461,105514,
174,462,105531,l
174,462,105547,l
172,462,105564,l
170,462,105581,l
169,462,105597,l
167,462,105614,l
165,462,105631,l
164,462,105647,l
162,462,105664,l
160,462,105681,l
159,462,105697,l
157,462,105714,l
155,462,105731,l
154,462,105747,l
152,462,105764,l
150,462,105781,l
149,462,105797,l
147,462,105814,l
145,462,105831,l
144,462,105847,l
142,462,105864,l
140,462,105881,l
139,462,105897,l
137,462,105914,l
135,462,105931,l
134,462,105947,l
132,462,105964,l
130,462,105981,l
129,462,105997,l
127,462,106014,l
125,462,106031,l
124,462,106047,l
122,462,106064,l
120,462,106081,l
119,462,106097,l
117,462,106114,l
115,462,106131,l
114,462,106147,l
112,462,106164,l
110,462,106181,l
109,462,106197,l
107,462,106214,l
105,462,106231,l
104,462,106247,l
102,462,106264,l
100,462,106281,l
99,462,106297,l
97,462,106314,l
95,462,106331,l
94,462,106347,l
92,462,106364,l
90,462,106381,l
89,462,106397,l
87,462,106414,l
85,462,106431,l
84,462,106447,l
82,462,106464,l
80,462,106481,dl
79,462,106497,dl
79,464,106514,d
79,466,106531,d
79,467,106547,d
79,469,106564,d
79,471,106581,d
79,472,106597,d
79,474,106614,d
79,476,106631,d
79,477,106647,d
79,479,106664,d
79,481,106681,d
79,482,106697,d
79,484,106714,d
79,486,106731,dl
79,487,106747,l
79,489,106764,l
77,489,106781,l
75,489,106797,l
74,489,106814,l
72,489,106831,l
70,489,106847,l
69,489,106864,l
67,489,106881,l
65,489,106897,l
64,489,106914,dl
62,489,106931,dl
62,491,106947,dl
62,492,106964,dl
62,494,106981,dl
62,496,106997,dl
62,497,107014,dl
62,499,107031,dl
62,501,107047,d
62,502,107064,d
62,504,107081,d
62,504,107097,d
62,504,107114,d
62,504,107131,d
62,504,107147,d
62,504,107164,d
62,504,107181,d
62,504,107197,d
62,504,107214,d
62,504,107231,d
62,504,107247,d
62,504,107264,l
62,504,107281,l
60,504,107297,l
59,504,107314,l
57,504,107331,l
55,504,107347,l
54,504,107364,l
52,504,107381,l
50,504,107397,l
49,504,107414,l
47,504,107431,dl
45,504,107447,dl
45,506,107464,dl
45,507,107481,d
45,509,107497,d
45,511,107514,d
45,512,107531,d
45,514,107547,d
45,516,107564,d
45,517,107581,d
45,519,107597,d
45,521,107614,d
45,522,107631,d
45,524,107647,d
45,526,107664,d
45,527,107681,d
45,529,107697,d
45,531,107714,d
45,532,107731,d
45,534,107747,d
45,536,107764,d
45,537,107781,d
45,539,107797,d
45,541,107814,d
45,542,107831,d
45,544,107847,d
45,546,107864,d
45,547,107881,d
45,549,107897,d
45,551,107914,d
45,552,107931,d
45,554,107947,d
45,556,107964,d
45,557,107981,d
45,559,107997,d
45,561,108014,d
45,562,108031,d
45,564,108047,d
45,566,108064,d
45,567,108081,d
45,569,108097,d
45,571,108114,d
45,572,108131,d
45,574,108147,d
45,576,108164,d
45,577,108181,d
45,579,108197,d
45,581,108214,d
45,582,108231,d
45,584,108247,d
45,586,108264,
45,587,108281,
45,587,108297,
45,587,108314,
45,587,108331,
45,587,108347,
45,587,108364,
45,587,108381,u
45,587,108397,u
45,586,108414,u
45,584,108431,u
45,582,108447,u
45,581,108464,u
45,579,108481,u
45,577,108497,u
45,576,108514,u
45,574,108531,u
45,572,108547,u
45,571,108564,u
45,569,108581,u
45,567,108597,u
45,566,108614,u
45,564,108631,u
45,562,108647,u
45,561,108664,u
45,559,108681,u
45,557,108697,u
45,556,108714,u
45,554,108731,u
45,552,108747,u
45,551,108764,u
45,549,108781,u
45,547,108797,u
45,546,108814,u
45,544,108831,u
45,542,108847,u
45,541,108864,u
45,539,108881,u
45,537,108897,u
45,536,108914,u
45,534,108931,u
45,532,108947,u
45,531,108964,u
45,529,108981,u
45,527,108997,u
45,526,109014,u
45,524,109031,u
45,522,109047,u
45,521,109064,u
45,519,109081,u
45,517,109097,u
45,516,109114,u
45,514,109131,u
45,512,109147,u
45,511,109164,u
45,509,109181,u
45,507,109197,u
45,506,109214,u
45,504,109231,u
45,502,109247,u
45,501,109264,u
45,499,109281,u
45,497,109297,u
45,496,109314,ur
45,494,109331,ur
45,492,109347,r
45,491,109364,r
47,491,109381,r
49,491,109397,r
50,491,109414,r
52,491,109431,r
54,491,109447,r
55,491,109464,r
57,491,109481,r
59,491,109497,r
60,491,109514,r
62,491,109531,r
64,491,109547,r
65,491,109564,r
67,491,109581,r
69,491,109597,r
70,491,109614,r
72,491,109631,ur
74,491,109647,ur
74,489,109664,u
74,487,109681,u
74,486,109697,u
74,484,109714,u
74,482,109731,u
74,481,109747,u
74,479,109764,u
74,477,109781,u
74,476,109797,u
74,474,109814,u
74,472,109831,u
74,471,109847,u
74,469,109864,u
74,467,109880,
74,466,109897,r
74,466,109914,r
75,466,109931,r
77,466,109947,r
79,466,109964,r
80,466,109981,r
82,466,109997,r
84,466,110014,r
85,466,110030,r
87,466,110047,r
89,466,110064,r
90,466,110081,r
92,466,110097,r
94,466,110114,r
95,466,110131,r
97,466,110147,r
99,466,110164,r
100,466,110180,r
102,466,110197,r
104,466,110214,r
105,466,110230,r
107,466,110247,r
109,466,110264,r
110,466,110281,r
112,466,110297,r
114,466,110314,r
115,466,110331,r
117,466,110347,r
119,466,110364,r
120,466,110381,r
122,466,110397,r
124,466,110414,r
125,466,110431,r
127,466,110447,r
129,466,110464,r
130,466,110480,r
132,466,110497,r
134,466,110514,r
135,466,110530,r
137,466,110547,r
139,466,110564,r
140,466,110581,r
142,466,110597,r
144,466,110614,r
145,466,110631,r
147,466,110647,r
149,466,110664,ur
150,466,110681,u
150,464,110697,u
150,462,110714,u
150,461,110731,u
150,459,110747,u
150,457,110764,u
150,456,110780,u
150,454,110797,u
150,452,110814,u
150,451,110830,u
150,449,110847,u
150,447,110864,u
150,446,110881,u
150,444,110897,u
150,442,110914,u
150,441,110931,u
150,439,110947,u
150,437,110964,u
150,436,110980,u
150,434,110997,u
150,432,111014,u
150,431,111031,u
150,429,111047,u
150,427,111064,u
150,426,111081,u
150,424,111097,u
150,422,111114,u
150,421,111130,u
150,419,111147,u
150,417,111164,u
150,416,111180,u
150,414,111197,u
150,412,111214,u
150,411,111231,u
150,409,111247,u
150,407,111264,u
150,406,111281,u
150,404,111297,u
150,402,111314,u
150,401,111331,u
150,399,111347,u
150,397,111364,u
150,396,111381,u
150,394,111397,u
150,392,111414,u
150,391,111430,u
150,389,111447,u
150,387,111464,u
150,386,111480,u
150,384,111497,u
150,382,111514,u
150,381,111530,u
150,379,111547,u
150,377,111564,u
150,376,111580,u
150,374,111597,u
150,372,111614,u
150,371,111631,u
150,369,111647,u
150,367,111664,u
150,366,111680,u
150,364,111697,u
150,362,111714,u
150,361,111730,u
150,359,111747,u
150,357,111764,u
150,356,111781,u
150,354,111797,u
150,352,111814,u
150,351,111831,u
150,349,111847,u
150,347,111864,u
150,346,111881,u
150,344,111897,u
150,342,111914,u
150,341,111930,u
150,339,111947,u
150,337,111964,u
150,336,111981,u
150,334,111997,u
150,332,112014,u
150,331,112030,u
150,329,112047,u
150,327,112064,u
150,326,112080,u
150,324,112097,u
150,322,112114,u
150,321,112130,u
150,319,112147,u
150,317,112164,u
150,316,112180,ul
150,314,112197,l
150,312,112214,l
149,312,112230,l
147,312,112247,l
145,312,112264,l
144,312,112280,l
142,312,112297,l
140,312,112314,l
139,312,112330,l
137,312,112347,l
136,312,112364,l
136,312,112380,l
136,312,112397,l
136,312,112414,l
136,312,112430,l
136,312,112447,l
136,312,112464,l
136,312,112480,l
136,312,112497,l
136,312,112514,l
136,312,112530,l
136,312,112547,l
136,312,112564,l
136,312,112580,l
136,312,112597,l
136,312,112614,l
136,312,112630,l
136,312,112647,l
136,312,112664,l
136,312,112680,l
136,312,112697,l
136,312,112714,l
136,312,112731,l
136,312,112747,l
136,312,112764,ul
136,312,112781,ul
136,311,112797,ul
136,309,112814,ul
136,307,112830,ul
136,306,112847,ul
136,304,112864,ul
136,302,112880,u
136,301,112897,u
136,299,112914,
136,297,112930,
136,297,112947,
136,297,112964,
136,297,112980,
136,297,112997,
136,297,113014,
136,297,113030,l
136,297,113047,l
134,297,113064,l
133,297,113080,l
131,297,113097,l
129,297,113114,l
128,297,113130,l
126,297,113147,l
124,297,113164,l
123,297,113180,l
121,297,113197,l
119,297,113214,l
118,297,113230,l
116,297,113247,l
114,297,113264,l
113,297,113280,l
111,297,113297,l
109,297,113314,l
108,297,113330,l
106,297,113347,l
104,297,113364,l
103,297,113380,l
101,297,113397,l
99,297,113414,l
98,297,113430,l
96,297,113447,l
94,297,113464,l
93,297,113480,l
91,297,113497,l
89,297,113514,l
88,297,113530,l
86,297,113547,l
84,297,113564,l
83,297,113580,l
81,297,113597,l
79,297,113614,l
78,297,113630,l
76,297,113647,l
74,297,113664,l
73,297,113680,l
71,297,113697,l
69,297,113714,l
68,297,113730,l
66,297,113747,l
64,297,113764,l
63,297,113780,l
61,297,113797,l
59,297,113814,l
58,297,113830,l
56,297,113847,l
54,297,113864,l
53,297,113880,l
51,297,113897,l
49,297,113914,l
48,297,113930,l
46,297,113947,l
44,297,113964,ul
43,297,113980,u
43,296,113997,u
43,294,114014,u
43,292,114030,u
43,291,114047,u
43,289,114064,u
43,287,114080,u
43,286,114097,u
43,284,114114,u
43,282,114130,u
43,281,114147,u
43,279,114164,u
43,277,114180,u
43,276,114197,u
43,274,114214,u
43,272,114230,u
43,271,114247,u
43,269,114264,u
43,267,114280,u
43,266,114297,u
43,264,114314,u
43,262,114330,u
43,261,114347,u
43,259,114364,u
43,257,114380,u
43,256,114397,u
43,254,114414,u
43,252,114430,u
43,251,114447,u
43,249,114464,u
43,247,114480,u
43,246,114497,u
43,244,114514,u
43,242,114530,u
43,241,114547,u
43,239,114564,u
43,237,114580,u
43,236,114597,u
43,234,114614,u
43,232,114630,u
43,231,114647,u
43,229,114664,u
43,227,114680,u
43,226,114697,u
43,224,114714,
43,222,114730,
43,222,114747,
43,222,114764,
43,222,114780,
43,222,114797,
43,222,114814,
43,222,114830,
43,222,114847,
43,222,114864,d
43,222,114880,d
43,224,114897,d
43,226,114914,d
43,227,114930,d
43,229,114947,d
43,231,114964,d
43,232,114980,d
43,234,114997,d
43,236,115014,d
43,237,115030,d
43,239,115047,d
43,241,115064,d
43,242,115080,d
43,244,115097,d
43,246,115114,d
43,247,115130,d
43,249,115147,d
43,251,115164,d
43,252,115180,d
43,254,115197,d
43,256,115214,d
43,257,115230,d
43,259,115247,d
43,261,115264,d
43,262,115280,d
43,264,115297,d
43,266,115314,d
43,267,115330,d
43,269,115347,d
43,271,115364,d
43,272,115380,d
43,274,115397,d
43,276,115414,d
43,277,115430,d
43,279,115447,d
43,281,115464,d
43,282,115480,d
43,284,115497,d
43,286,115514,d
43,287,115530,d
43,289,115547,d
43,291,115564,d
43,292,115580,d
43,294,115597,d
43,296,115614,d
43,297,115630,d
43,299,115647,d
43,301,115664,d
43,302,115680,d
43,304,115697,d
43,306,115714,d
43,307,115730,d
43,309,115747,d
43,311,115764,d
43,312,115780,d
43,314,115797,d
43,316,115814,d
43,317,115830,d
43,319,115847,d
43,321,115864,d
43,322,115880,d
43,324,115897,d
43,326,115914,d
43,327,115930,d
43,329,115947,d
43,331,115964,d
43,332,115980,d
43,334,115997,d
43,336,116014,d
43,337,116030,d
43,339,116047,d
43,341,116064,d
43,342,116080,d
43,344,116097,d
43,346,116114,d
43,347,116130,d
43,349,116147,d
43,351,116164,dr
43,352,116180,dr
43,354,116197,dr
43,356,116214,d
43,357,116230,d
43,359,116247,d
43,361,116264,d
43,362,116280,d
43,364,116297,d
43,366,116314,d
43,367,116330,d
43,369,116347,d
43,371,116364,d
43,372,116380,d
43,374,116397,d
43,376,116414,d
43,377,116430,d
43,379,116447,d
43,381,116464,d
43,382,116480,d
43,384,116497,d
43,386,116514,d
43,387,116530,d
43,389,116547,d
43,391,116564,d
43,392,116580,d
43,394,116597,d
43,396,116614,d
43,397,116630,d
43,399,116647,d
43,401,116664,d
43,402,116680,d
43,404,116697,d
43,406,116714,d
43,407,116730,d
43,408,116747,
43,408,116764,
43,408,116780,
43,408,116797,l
43,408,116814,l
41,408,116830,l
39,408,116847,l
38,408,116864,l
36,408,116880,l
34,408,116897,l
33,408,116914,l
31,408,116930,l
29,408,116947,l
28,408,116964,l
26,408,116980,l
24,408,116997,dl
23,408,117014,dl
23,410,117030,d
23,411,117047,d
23,413,117064,d
23,415,117080,d
23,416,117097,d
23,418,117114,d
23,420,117130,d
23,421,117147,d
23,423,117164,d
23,425,117180,d
23,426,117197,d
23,428,117214,d
23,430,117230,d
23,431,117247,d
23,433,117264,d
23,435,117280,d
23,436,117297,d
23,438,117314,d
23,440,117330,d
23,440,117347,d
23,440,117364,d
23,440,117380,d
23,440,117397,d
23,440,117414,d
23,440,117430,d
23,440,117447,d
23,440,117464,d
23,440,117480,
23,440,117497,
23,440,117514,
23,440,117530,
23,440,117547,
23,440,117564,
23,440,117580,
23,440,117597,u
23,440,117614,u
23,438,117630,u
23,437,117647,u
23,435,117664,u
23,433,117680,u
23,432,117697,u
23,430,117714,u
23,428,117730,u
23,427,117747,u
23,425,117764,u
23,423,117780,u
23,422,117797,u
23,420,117814,u
23,418,117830,u
23,417,117847,u
23,415,117864,u
23,413,117880,u
23,412,117897,u
23,410,117914,u
23,408,117930,u
23,407,117947,u
23,405,117964,u
23,403,117980,u
23,402,117997,u
23,400,118014,u
23,398,118030,u
23,397,118047,u
23,395,118064,u
23,393,118080,ur
23,392,118097,ur
23,390,118114,ur
23,388,118130,ur
23,387,118147,ur
23,385,118164,ur
23,383,118180,ur
23,382,118197,ur
23,380,118214,ur
23,378,118230,ur
23,377,118247,ur
23,375,118264,ur
23,373,118280,ur
23,372,118297,ur
23,370,118314,ur
23,368,118330,ur
23,367,118347,r
23,365,118364,r
24,365,118380,r
26,365,118397,r
28,365,118414,r
29,365,118430,r
31,365,118447,r
33,365,118464,r
34,365,118480,r
36,365,118497,r
38,365,118514,r
39,365,118530,r
41,365,118547,r
43,365,118564,r
44,365,118580,r
46,365,118597,r
48,365,118614,r
49,365,118630,r
51,365,118647,r
53,365,118664,
54,365,118680,
54,365,118697,u
54,365,118714,u
54,363,118730,u
54,362,118747,u
54,360,118764,u
54,358,118780,u
54,357,118797,u
54,355,118814,u
54,353,118830,u
54,352,118847,u
54,350,118864,u
54,348,118880,u
54,347,118897,u
54,345,118914,u
54,343,118930,u
54,342,118947,u
54,340,118964,u
54,338,118980,u
54,337,118997,u
54,335,119014,u
54,333,119030,u
54,332,119047,u
54,330,119064,u
54,328,119080,u
54,327,119097,u
54,325,119114,u
54,323,119130,u
54,322,119147,u
54,320,119164,u
54,318,119180,u
54,317,119197,u
54,315,119214,
54,313,119230,r
54,313,119247,r
56,313,119264,r
56,313,119280,r
56,313,119297,r
56,313,119314,r
56,313,119330,r
56,313,119347,r
56,313,119364,r
56,313,119380,r
56,313,119397,r
56,313,119414,r
56,313,119430,r
56,313,119447,r
56,313,119464,r
56,313,119480,r
56,313,119497,r
56,313,119514,r
56,313,119530,r
56,313,119547,r
56,313,119564,r
56,313,119580,r
56,313,119597,r
56,313,119614,r
56,313,119630,ur
56,313,119647,ur
56,312,119664,ur
56,310,119680,ur
56,308,119697,ur
56,307,119714,ur
56,305,119730,ur
56,303,119747,ur
56,302,119764,ur
56,300,119780,ur
56,298,119797,r
56,297,119814,r
58,297,119830,r
59,297,119847,r
61,297,119864,r
63,297,119880,r
64,297,119897,r
66,297,119914,r
68,297,119930,r
69,297,119947,r
71,297,119964,r
73,297,119980,r
74,297,119997,r
76,297,120014,r
78,297,120030,r
79,297,120047,r
81,297,120064,r
83,297,120080,r
84,297,120097,r
86,297,120114,r
88,297,120130,r
89,297,120147,r
91,297,120164,r
93,297,120180,r
94,297,120197,r
96,297,120214,r
98,297,120230,r
99,297,120247,r
101,297,120264,r
103,297,120280,r
104,297,120297,r
106,297,120314,r
108,297,120330,r
109,297,120347,r
111,297,120364,r
113,297,120380,r
114,297,120397,r
116,297,120414,r
118,297,120430,r
119,297,120447,r
121,297,120464,r
123,297,120480,r
124,297,120497,r
126,297,120514,r
128,297,120530,r
129,297,120547,r
131,297,120564,r
133,297,120580,r
134,297,120597,r
136,297,120614,r
138,297,120630,r
139,297,120647,r
141,297,120664,r
143,297,120680,r
144,297,120697,r
146,297,120714,r
148,297,120730,r
149,297,120747,r
151,297,120764,r
153,297,120780,r
154,297,120797,r
156,297,120814,ur
158,297,120830,ur
158,295,120847,ur
158,293,120864,ur
158,292,120880,ur
158,290,120897,ur
158,288,120914,ur
158,287,120930,ur
158,285,120947,u
158,283,120964,u
158,282,120980,u
158,280,120997,u
158,278,121014,u
158,277,121030,u
158,275,121047,u
158,273,121064,u
158,272,121080,u
158,270,121097,u
158,268,121114,r
158,267,121130,r
159,267,121147,r
161,267,121164,r
163,267,121180,r
164,267,121197,r
166,267,121214,r
168,267,121230,r
169,267,121247,r
171,267,121264,r
173,267,121280,r
174,267,121297,r
176,267,121314,r
178,267,121330,r
179,267,121347,r
181,267,121364,r
183,267,121380,r
184,267,121397,r
186,267,121414,r
188,267,121430,r
189,267,121447,r
191,267,121464,r
193,267,121480,r
194,267,121497,ur
196,267,121514,ur
196,265,121530,ur
196,263,121547,ur
196,262,121564,ur
196,260,121580,u
196,258,121597,u
196,257,121614,u
196,255,121630,u
196,253,121647,u
196,252,121664,u
196,250,121680,u
196,248,121697,u
196,247,121714,r
196,245,121730,r
198,245,121747,r
199,245,121764,r
201,245,121780,r
203,245,121797,r
204,245,121814,r
206,245,121830,r
208,245,121847,r
209,245,121864,r
211,245,121880,r
213,245,121897,r
214,245,121914,r
216,245,121930,r
218,245,121947,r
219,245,121964,r
221,245,121980,r
223,245,121997,r
224,245,122014,r
226,245,122030,r
228,245,122047,r
229,245,122064,r
231,245,122080,r
233,245,122097,r
234,245,122114,r
236,245,122130,r
238,245,122147,r
239,245,122164,r
241,245,122180,r
243,245,122197,r
244,245,122214,r
246,245,122230,r
248,245,122247,r
249,245,122264,r
251,245,122280,r
253,245,122297,r
254,245,122314,r
256,245,122330,r
258,245,122347,r
259,245,122364,r
261,245,122380,r
263,245,122397,r
264,245,122414,r
266,245,122430,r
268,245,122447,r
269,245,122464,r
271,245,122480,r
273,245,122497,r
274,245,122514,r
276,245,122530,r
278,245,122547,r
279,245,122564,r
281,245,122580,r
283,245,122597,r
284,245,122614,r
286,245,122630,ur
288,245,122647,ur
288,243,122664,ur
288,242,122680,ur
288,240,122697,ur
288,238,122714,ur
288,237,122730,ur
288,235,122747,ur
288,233,122764,ur
288,232,122780,u
288,232,122797,u
288,232,122814,u
288,232,122830,u
288,232,122847,u
288,232,122864,u
288,232,122880,u
288,232,122897,u
288,232,122914,ur
288,232,122930,ur
288,232,122947,r
288,232,122964,r
289,232,122980,r
291,232,122997,r
293,232,123014,r
294,232,123030,r
296,232,123047,r
298,232,123064,r
299,232,123080,r
301,232,123097,r
303,232,123114,ur
304,232,123130,u
304,230,123147,u
304,229,123164,u
304,227,123180,u
304,225,123197,u
304,224,123214,u
304,222,123230,u
304,220,123247,u
304,219,123264,u
304,217,123280,u
304,215,123297,u
304,214,123314,u
304,212,123330,u
304,210,123347,u
304,209,123364,u
304,207,123380,u
304,205,123397,u
304,204,123414,u
304,202,123430,u
304,200,123447,u
304,199,123464,u
304,197,123480,u
304,195,123497,u
304,194,123514,u
304,192,123530,u
304,190,123547,u
304,189,123564,u
304,187,123580,u
304,185,123597,u
304,184,123614,u
304,182,123630,u
304,180,123647,u
304,179,123664,u
304,177,123680,u
304,175,123697,u
304,174,123714,u
304,172,123730,u
304,170,123747,u
304,169,123764,u
304,167,123780,u
304,165,123797,u
304,164,123814,u
304,162,123830,u
304,160,123847,u
304,159,123864,u
304,157,123880,u
304,155,123897,u
304,154,123914,u
304,152,123930,u
304,150,123947,u
304,149,123964,u
304,147,123980,u
304,145,123997,
304,144,124014,
304,144,124030,
304,144,124047,
304,144,124064,l
304,144,124080,l
303,144,124097,l
301,144,124114,l
299,144,124130,l
298,144,124147,l
296,144,124164,l
294,144,124180,l
293,144,124197,l
291,144,124214,l
289,144,124230,l
288,144,124247,l
286,144,124264,l
284,144,124280,l
283,144,124297,l
281,144,124314,l
279,144,124330,l
278,144,124347,l
276,144,124364,l
274,144,124380,l
273,144,124397,l
271,144,124414,l
269,144,124430,ul
268,144,124447,ul
268,142,124464,ul
268,140,124480,ul
268,139,124497,ul
268,137,124514,ul
268,135,124530,ul
268,134,124547,ul
268,132,124564,ul
268,130,124580,ul
