310,287,121167,
310,287,121217,
310,287,121234,
310,287,121251,
310,287,121267,
310,287,121284,
310,287,121301,
310,287,121317,
310,287,121334,
310,287,121351,
310,287,121367,
310,287,121384,
310,287,121401,
310,287,121417,
310,287,121434,
310,287,121451,
310,287,121467,
310,287,121484,
310,287,121501,
310,287,121517,
310,287,121534,
310,287,121551,
310,287,121567,
310,287,121584,
310,287,121601,
310,287,121617,
310,287,121634,
310,287,121651,
310,287,121667,
310,287,121684,
310,287,121701,
310,287,121717,
310,287,121734,
310,287,121751,
310,287,121767,
310,287,121784,
310,287,121801,
310,287,121817,
310,287,121834,
310,287,121851,
310,287,121867,
310,287,121884,
310,287,121901,
310,287,121917,
310,287,121934,
310,287,121951,
310,287,121967,
310,287,121984,
310,287,122001,
310,287,122017,
310,287,122034,
310,287,122051,
310,287,122067,
310,287,122084,
310,287,122101,
310,287,122117,
310,287,122134,
310,287,122167,u
310,287,122184,u
310,286,122201,u
310,285,122234,u
310,285,122251,u
310,284,122267,u
310,283,122284,u
310,282,122301,u
310,281,122334,u
310,280,122351,u
310,280,122367,
310,279,122384,
310,279,122401,
310,279,122417,
310,279,122434,
310,279,122451,
310,279,122467,
310,279,122484,
310,279,122501,
310,279,122517,
310,279,122534,
310,279,122567,
310,279,122584,
310,279,122601,
310,279,122617,u
310,279,122634,u
310,278,122667,u
310,277,122684,u
310,276,122717,u
310,275,122751,u
310,275,122767,u
310,274,122784,u
310,273,122817,u
310,272,122834,u
310,271,122851,u
310,270,122884,u
310,270,122901,u
310,269,122917,u
310,268,122951,u
310,267,122967,u
310,266,123001,
310,265,123017,
310,265,123051,
310,265,123084,
310,265,123101,
310,265,123134,
310,265,123151,
310,265,123184,
310,265,123201,
310,265,123234,
310,265,123251,
310,265,123284,l
310,265,123301,l
309,265,123334,l
308,265,123351,l
308,265,123384,l
307,265,123417,l
306,265,123434,l
305,265,123451,l
304,265,123484,l
303,265,123501,l
303,265,123534,l
302,265,123567,l
301,265,123584,l
300,265,123601,l
299,265,123634,l
298,265,123651,l
298,265,123684,l
297,265,123701,l
296,265,123734,l
295,265,123751,
294,265,123767,
294,265,123801,
294,265,123817,
294,265,123834,
294,265,123867,
294,265,123884,
294,265,123901,
294,265,123934,
294,265,123951,
294,265,123967,
294,265,124001,
294,265,124017,
294,265,124034,
294,265,124067,
294,265,124084,
294,265,124101,
294,265,124134,
294,265,124151,
294,265,124167,
294,265,124201,
294,265,124217,
294,265,124251,
294,265,124267,
294,265,124284,
294,265,124301,
294,265,124317,
294,265,124334,
294,265,124351,
294,265,124367,
294,265,124384,
294,265,124417,u
294,265,124434,u
294,265,124451,u
294,264,124484,u
294,263,124501,u
294,262,124517,u
294,261,124551,u
294,260,124567,u
294,260,124601,u
294,259,124617,u
294,258,124651,u
294,257,124667,u
294,256,124684,u
294,255,124717,u
294,255,124734,u
294,254,124767,ur
294,253,124784,ur
294,252,124801,ur
294,251,124834,ur
294,250,124851,ur
294,250,124884,ur
294,249,124901,ur
294,248,124917,ur
294,247,124951,ur
294,246,124967,ur
294,245,124984,u
294,245,125017,u
294,244,125034,u
294,243,125067,u
294,242,125084,u
294,241,125117,u
294,240,125134,u
294,240,125167,u
294,239,125184,u
294,238,125217,ur
294,237,125234,ur
294,236,125251,ur
294,235,125284,ur
294,234,125301,ur
294,234,125334,ur
294,233,125351,ur
294,232,125384,r
294,232,125401,r
295,232,125434,r
296,232,125451,r
297,232,125484,r
298,232,125517,r
298,232,125534,r
299,232,125567,r
300,232,125584,r
301,232,125601,r
302,232,125634,ur
303,232,125667,ur
303,231,125684,u
303,230,125717,u
303,229,125734,u
303,229,125767,u
303,228,125800,u
303,227,125817,u
303,226,125850,u
303,225,125867,u
303,224,125900,u
303,224,125934,u
303,223,125950,u
303,222,125967,u
303,221,126000,u
303,220,126034,u
303,219,126050,u
303,219,126067,u
303,218,126100,u
303,217,126117,u
303,216,126150,u
303,215,126167,u
303,214,126200,u
303,214,126217,u
303,213,126250,u
303,212,126267,u
303,211,126300,u
303,210,126317,u
303,209,126350,u
303,209,126367,u
303,208,126400,u
303,207,126434,u
303,206,126450,u
303,205,126467,u
303,204,126484,u
303,204,126500,u
303,203,126517,u
303,202,126534,u
303,201,126550,u
303,200,126567,u
303,199,126584,u
303,199,126600,u
303,198,126617,u
303,197,126634,u
303,196,126650,u
303,195,126667,u
303,194,126684,u
303,194,126700,u
303,193,126717,u
303,192,126734,u
303,191,126750,u
303,190,126767,u
303,189,126784,u
303,189,126800,u
303,188,126817,u
303,187,126834,u
303,186,126850,u
303,185,126867,u
303,184,126884,u
303,184,126900,u
303,183,126917,u
303,182,126934,u
303,181,126950,u
303,180,126967,u
303,179,126984,u
303,179,127000,u
303,178,127017,u
303,177,127034,u
303,176,127050,u
303,175,127067,u
303,174,127084,u
303,174,127100,u
303,173,127117,u
303,172,127134,u
303,171,127150,u
303,170,127167,u
303,169,127184,u
303,169,127200,u
303,168,127217,u
303,167,127234,u
303,166,127250,u
303,165,127267,u
303,164,127284,u
303,164,127300,u
303,163,127317,u
303,162,127334,u
303,161,127350,u
303,160,127367,ul
303,159,127384,ul
303,159,127400,ul
303,158,127417,ul
303,157,127434,ul
303,156,127450,ul
303,155,127467,ul
303,154,127484,ul
303,154,127500,ul
303,153,127517,ul
303,152,127534,ul
303,151,127550,ul
303,150,127567,ul
303,149,127584,ul
303,149,127600,ul
303,148,127617,ul
303,147,127634,ul
303,146,127650,ul
303,145,127667,ul
303,144,127684,ul
303,144,127717,l
303,143,127734,l
302,143,127750,l
301,143,127784,l
300,143,127800,l
299,143,127817,l
298,143,127850,l
298,143,127867,l
297,143,127884,l
296,143,127917,l
295,143,127934,l
294,143,127967,l
293,143,127984,l
293,143,128000,l
292,143,128034,l
291,143,128050,l
290,143,128067,l
289,143,128100,l
288,143,128117,l
288,143,128150,l
287,143,128167,l
286,143,128200,l
285,143,128217,l
284,143,128234,l
283,143,128267,l
283,143,128284,l
282,143,128317,l
281,143,128334,l
280,143,128367,l
279,143,128384,l
278,143,128400,l
278,143,128434,l
277,143,128450,l
276,143,128484,l
275,143,128500,l
274,143,128517,l
273,143,128550,l
273,143,128567,l
272,143,128584,ul
271,143,128617,ul
271,142,128634,ul
271,141,128650,ul
271,140,128684,ul
271,139,128700,ul
271,139,128734,u
271,138,128750,u
271,137,128767,u
271,136,128800,u
271,135,128817,u
271,134,128850,u
271,134,128867,u
271,133,128884,u
271,132,128917,u
271,131,128934,u
271,130,128950,u
271,129,128984,u
271,129,129000,u
271,128,129017,u
271,127,129050,u
271,126,129067,u
271,125,129084,u
271,124,129117,u
271,124,129134,u
271,123,129167,u
271,122,129184,u
271,121,129200,u
271,120,129234,u
271,119,129250,u
271,119,129267,u
271,118,129300,u
271,117,129317,u
271,116,129334,u
271,115,129367,u
271,114,129384,u
271,114,129400,u
271,113,129434,
271,112,129450,
271,112,129484,
271,112,129500,
271,112,129517,
271,112,129534,
271,112,129567,
271,112,129584,
271,112,129600,
271,112,129617,
271,112,129650,
271,112,129667,
271,112,129684,l
271,112,129700,l
269,112,129734,l
268,112,129750,l
266,112,129767,l
264,112,129800,l
263,112,129817,l
261,112,129834,l
259,112,129867,l
258,112,129884,l
256,112,129900,l
254,112,129934,l
253,112,129950,l
251,112,129967,l
249,112,130000,l
248,112,130034,l
246,112,130067,l
244,112,130084,l
243,112,130100,l
241,112,130134,l
239,112,130150,l
238,112,130167,l
236,112,130200,l
234,112,130217,l
233,112,130234,l
231,112,130267,l
229,112,130284,l
228,112,130300,l
226,112,130334,l
224,112,130350,l
223,112,130367,l
221,112,130400,l
219,112,130417,l
218,112,130434,l
216,112,130467,l
214,112,130484,l
213,112,130500,l
211,112,130534,l
209,112,130550,l
208,112,130567,l
206,112,130600,l
204,112,130617,l
203,112,130634,l
201,112,130667,l
199,112,130684,l
198,112,130717,l
196,112,130734,l
194,112,130750,
193,112,130784,
193,112,130800,
193,112,130817,
193,112,130850,
193,112,130867,
193,112,130884,
193,112,130917,
193,112,130934,
193,112,130950,
193,112,130967,
193,112,131000,
193,112,131017,
193,112,131034,
193,112,131067,
193,112,131084,
193,112,131100,
193,112,131117,
193,112,131150,l
193,112,131167,l
191,112,131200,l
189,112,131217,l
188,112,131234,l
186,112,131250,l
184,112,131267,l
183,112,131284,l
181,112,131317,l
179,112,131334,l
178,112,131350,l
176,112,131384,l
174,112,131400,l
173,112,131434,l
171,112,131450,l
169,112,131467,l
168,112,131500,l
166,112,131517,l
164,112,131534,l
163,112,131567,l
161,112,131584,l
159,112,131600,l
158,112,131634,l
156,112,131650,l
154,112,131684,l
153,112,131700,l
151,112,131717,l
149,112,131750,l
148,112,131767,l
146,112,131784,l
144,112,131817,l
143,112,131834,l
141,112,131850,l
139,112,131884,l
138,112,131900,l
136,112,131934,l
134,112,131950,l
133,112,131967,l
131,112,132000,l
129,112,132017,l
128,112,132050,l
126,112,132067,l
124,112,132084,l
123,112,132117,
121,112,132134,
121,112,132150,
121,112,132184,
121,112,132200,
121,112,132217,
121,112,132250,
121,112,132267,
121,112,132284,
121,112,132300,l
121,112,132334,l
119,112,132350,l
118,112,132367,l
116,112,132400,l
114,112,132417,l
113,112,132434,l
111,112,132467,l
109,112,132484,l
108,112,132500,l
106,112,132534,l
104,112,132550,l
103,112,132567,
101,112,132600,
101,112,132617,
101,112,132634,
101,112,132650,
101,112,132684,
101,112,132700,
101,112,132717,
101,112,132750,
101,112,132767,
101,112,132784,
101,112,132800,
101,112,132834,
101,112,132850,u
101,112,132867,u
101,110,132900,u
101,109,132917,u
101,107,132934,u
101,105,132967,u
101,104,132984,u
101,102,133017,u
101,100,133034,u
101,99,133050,u
101,97,133084,u
101,95,133100,u
101,94,133117,u
101,92,133150,u
101,90,133167,u
101,89,133184,r
101,87,133200,r
103,87,133234,r
104,87,133250,r
106,87,133267,r
108,87,133300,r
109,87,133317,r
111,87,133334,r
113,87,133367,r
114,87,133384,r
116,87,133417,r
118,87,133434,r
119,87,133450,r
121,87,133484,r
123,87,133500,r
124,87,133517,r
126,87,133550,r
128,87,133567,r
129,87,133584,r
131,87,133617,r
133,87,133634,r
134,87,133650,r
136,87,133684,r
138,87,133700,r
139,87,133717,r
141,87,133750,r
143,87,133767,r
144,87,133784,r
146,87,133817,r
148,87,133834,r
149,87,133850,r
151,87,133884,r
153,87,133900,r
154,87,133934,r
156,87,133950,r
158,87,133967,r
159,87,134000,r
161,87,134017,r
163,87,134050,r
164,87,134067,r
166,87,134083,r
168,87,134117,r
169,87,134133,r
171,87,134167,r
173,87,134183,r
174,87,134200,r
176,87,134233,r
178,87,134250,dr
179,87,134300,dr
179,89,134317,dr
179,90,134333,dr
179,92,134350,d
179,94,134367,d
179,95,134383,d
179,97,134400,d
179,99,134417,d
179,100,134433,d
179,102,134450,d
179,104,134483,d
179,105,134500,d
179,107,134517,d
179,109,134550,d
179,110,134567,d
179,112,134583,d
179,114,134617,d
179,115,134633,d
179,117,134650,d
179,119,134683,r
179,120,134700,r
181,120,134717,r
183,120,134750,r
184,120,134767,r
186,120,134783,r
188,120,134817,r
189,120,134833,r
191,120,134850,r
193,120,134883,r
194,120,134900,r
196,120,134917,r
198,120,134950,r
199,120,134967,r
201,120,134983,r
203,120,135017,r
204,120,135033,r
206,120,135050,r
208,120,135083,r
209,120,135100,r
211,120,135117,r
213,120,135133,r
214,120,135150,r
216,120,135167,r
218,120,135183,r
219,120,135200,r
221,120,135217,r
223,120,135233,r
224,120,135250,r
226,120,135267,r
228,120,135283,r
229,120,135300,r
231,120,135317,r
233,120,135333,r
234,120,135350,r
236,120,135367,r
238,120,135383,r
239,120,135400,r
241,120,135417,r
243,120,135433,r
244,120,135450,r
246,120,135467,r
248,120,135483,r
249,120,135517,r
251,120,135533,r
253,120,135550,r
254,120,135583,d
256,120,135600,d
256,122,135617,d
256,123,135650,d
256,125,135667,d
256,127,135683,d
256,128,135717,d
256,130,135733,d
256,132,135750,d
256,133,135783,d
256,135,135800,d
256,137,135817,d
256,138,135850,d
256,140,135867,d
256,142,135883,d
256,143,135917,dr
256,145,135933,r
256,147,135950,r
258,147,135983,r
259,147,136000,r
261,147,136017,r
263,147,136050,r
264,147,136083,r
266,147,136100,r
268,147,136133,r
269,147,136150,r
271,147,136167,r
273,147,136200,r
274,147,136217,r
276,147,136233,r
278,147,136267,r
279,147,136283,r
281,147,136300,r
283,147,136333,r
284,147,136350,r
286,147,136367,r
288,147,136400,r
289,147,136417,r
291,147,136433,r
293,147,136467,r
294,147,136483,r
296,147,136500,r
298,147,136533,r
299,147,136550,r
301,147,136567,r
303,147,136600,r
304,147,136617,r
306,147,136633,r
308,147,136667,r
309,147,136683,r
311,147,136700,r
313,147,136717,r
314,147,136733,r
316,147,136750,r
318,147,136767,r
319,147,136783,r
321,147,136800,r
323,147,136817,r
324,147,136833,r
326,147,136850,r
328,147,136867,r
329,147,136883,r
331,147,136900,r
333,147,136917,r
334,147,136933,r
336,147,136950,r
338,147,136967,r
339,147,136983,r
341,147,137000,r
343,147,137017,r
344,147,137033,r
346,147,137050,r
348,147,137067,r
349,147,137083,r
351,147,137100,r
353,147,137117,r
354,147,137133,r
356,147,137150,r
358,147,137167,r
359,147,137183,r
361,147,137200,r
363,147,137217,r
364,147,137233,r
366,147,137250,r
368,147,137283,r
369,147,137317,r
371,147,137333,r
373,147,137350,r
374,147,137367,r
376,147,137383,r
378,147,137400,r
379,147,137417,r
381,147,137433,r
383,147,137450,r
384,147,137467,r
386,147,137483,r
388,147,137500,r
389,147,137517,r
391,147,137550,r
393,147,137567,r
394,147,137583,r
396,147,137600,r
398,147,137617,r
399,147,137633,r
401,147,137650,r
403,147,137667,r
404,147,137683,r
406,147,137700,r
408,147,137717,r
409,147,137733,r
411,147,137750,r
413,147,137767,r
414,147,137783,r
416,147,137800,r
418,147,137817,r
419,147,137833,r
421,147,137850,r
423,147,137867,r
424,147,137883,r
426,147,137917,
428,147,137933,
428,147,137950,u
428,147,137983,u
428,145,138000,u
428,143,138017,u
428,142,138050,u
428,140,138067,u
428,138,138083,u
428,137,138117,u
428,135,138133,u
428,133,138150,u
428,132,138183,u
428,130,138200,u
428,128,138217,u
428,127,138250,u
428,125,138267,u
428,123,138283,u
428,122,138317,u
428,120,138333,u
428,118,138350,u
428,117,138383,u
428,115,138417,
428,113,138433,r
428,113,138450,r
429,113,138467,r
431,113,138483,r
433,113,138500,r
434,113,138533,r
436,113,138550,r
438,113,138567,r
439,113,138600,r
441,113,138617,r
443,113,138650,r
444,113,138667,r
446,113,138700,r
448,113,138717,r
449,113,138733,r
451,113,138750,r
453,113,138767,r
454,113,138800,r
456,113,138817,r
458,113,138833,r
459,113,138867,r
461,113,138883,r
463,113,138900,r
464,113,138933,r
466,113,138950,r
468,113,138983,r
469,113,139000,r
471,113,139017,r
473,113,139050,r
474,113,139067,r
476,113,139100,r
478,113,139117,r
479,113,139133,r
481,113,139167,r
483,113,139183,r
484,113,139200,r
486,113,139233,r
488,113,139250,r
489,113,139267,r
491,113,139300,r
493,113,139317,r
494,113,139350,r
496,113,139367,r
498,113,139383,r
499,113,139417,r
501,113,139433,r
503,113,139450,r
504,113,139483,r
506,113,139500,r
508,113,139517,r
509,113,139550,r
511,113,139567,r
513,113,139600,r
514,113,139617,r
516,113,139633,r
518,113,139667,r
519,113,139683,r
521,113,139717,r
523,113,139733,r
524,113,139750,ur
526,113,139783,u
526,112,139800,u
526,110,139833,u
526,108,139850,u
526,107,139867,u
526,105,139900,u
526,103,139917,u
526,102,139933,u
526,100,139967,u
526,98,139983,u
526,97,140000,u
526,95,140017,u
526,93,140050,u
526,92,140067,u
526,90,140083,u
526,88,140100,u
526,87,140133,ur
526,85,140150,r
526,83,140167,r
528,83,140200,r
529,83,140217,r
531,83,140233,r
533,83,140267,r
534,83,140283,r
536,83,140300,r
538,83,140333,r
539,83,140350,r
541,83,140367,r
543,83,140400,r
544,83,140417,r
546,83,140433,r
548,83,140467,r
549,83,140483,r
551,83,140500,r
553,83,140533,u
554,83,140550,u
554,82,140567,u
554,80,140583,u
554,78,140617,u
554,77,140633,u
554,75,140650,u
554,73,140683,u
554,72,140700,u
554,70,140717,u
554,68,140733,u
554,67,140767,u
554,65,140783,u
554,63,140800,u
554,62,140833,u
554,60,140850,u
554,58,140867,u
554,57,140883,u
554,55,140917,u
554,53,140933,u
554,52,140950,u
554,50,140983,u
554,48,141000,u
554,47,141017,u
554,45,141050,u
554,43,141067,u
554,42,141083,u
554,40,141117,
554,40,141133,
554,40,141150,
554,40,141183,
554,40,141217,
554,40,141233,
554,40,141267,
554,40,141283,d
554,40,141317,d
554,42,141333,d
554,43,141367,d
554,45,141383,d
554,47,141417,d
554,48,141433,d
554,50,141467,d
554,52,141483,d
554,53,141517,d
554,55,141533,d
554,57,141550,d
554,58,141583,d
554,60,141600,d
554,62,141617,d
554,63,141650,d
554,65,141667,d
554,67,141683,d
554,68,141717,d
554,70,141733,d
554,72,141750,d
554,73,141783,d
554,75,141800,d
554,77,141817,d
554,78,141850,
554,80,141867,l
554,80,141900,l
553,80,141917,l
551,80,141933,l
549,80,141967,l
548,80,141983,l
546,80,142000,l
544,80,142033,l
543,80,142050,l
541,80,142067,l
539,80,142100,
538,80,142117,
538,80,142133,
538,80,142167,d
538,80,142183,dl
538,82,142200,dl
538,83,142233,l
538,85,142250,l
536,85,142267,l
534,85,142300,l
533,85,142317,l
531,85,142333,l
529,85,142367,l
528,85,142383,l
526,85,142416,l
524,85,142450,dl
523,85,142466,dl
523,87,142483,dl
523,88,142500,dl
523,90,142516,dl
523,92,142533,d
523,93,142550,d
523,95,142566,d
523,97,142600,d
523,98,142616,d
523,100,142633,d
523,102,142666,d
523,103,142683,d
523,105,142700,d
523,107,142733,d
523,108,142750,d
523,110,142766,d
523,112,142800,d
523,113,142816,d
523,115,142833,d
523,117,142866,d
523,118,142883,d
523,120,142916,d
523,120,142933,d
523,120,142950,d
523,120,142966,d
523,120,143000,d
523,120,143016,d
523,120,143033,d
523,120,143066,d
523,120,143083,d
523,120,143116,d
523,120,143133,d
523,120,143150,d
523,120,143183,d
523,120,143200,d
523,120,143216,d
523,120,143250,d
523,120,143266,d
523,120,143283,
523,120,143316,l
523,120,143333,l
521,120,143350,l
519,120,143383,l
518,120,143400,l
516,120,143416,l
514,120,143450,l
513,120,143466,l
511,120,143483,l
509,120,143516,l
508,120,143533,l
506,120,143550,l
504,120,143583,l
503,120,143616,l
501,120,143650,l
499,120,143666,l
498,120,143700,l
496,120,143716,
494,120,143750,
494,120,143766,d
494,120,143800,d
494,122,143816,d
494,123,143850,d
494,125,143866,d
494,127,143900,d
494,128,143916,d
494,130,143950,d
494,132,143966,d
494,133,143983,d
494,135,144016,d
494,137,144033,d
494,138,144066,d
494,140,144083,d
494,142,144116,d
494,143,144150,d
494,145,144183,d
494,147,144216,d
494,148,144233,d
494,150,144266,d
494,152,144283,d
494,153,144316,d
494,155,144333,d
494,157,144366,d
494,158,144383,d
494,160,144416,d
494,162,144433,d
494,163,144466,d
494,165,144483,d
494,167,144516,d
494,168,144533,d
494,170,144566,d
494,172,144583,d
494,173,144600,d
494,175,144633,d
494,177,144650,d
494,178,144683,d
494,180,144700,d
494,182,144716,d
494,183,144750,d
494,185,144766,d
494,187,144783,d
494,188,144816,d
494,190,144833,d
494,192,144850,d
494,193,144883,d
494,195,144900,d
494,197,144916,d
494,198,144950,d
494,200,144966,d
494,202,144983,d
494,203,145016,d
494,205,145033,d
494,207,145050,d
494,208,145083,d
494,210,145100,d
494,212,145133,d
494,213,145150,d
494,215,145166,d
494,217,145200,d
494,218,145216,d
494,220,145233,d
494,222,145266,d
494,223,145283,d
494,225,145300,d
494,227,145333,d
494,228,145350,d
494,230,145366,d
494,232,145400,d
494,233,145416,d
494,235,145433,d
494,237,145466,d
494,238,145483,d
494,240,145500,d
494,242,145533,d
494,243,145550,d
494,245,145583,d
494,247,145600,d
494,248,145633,d
494,250,145650,d
494,252,145666,d
494,253,145700,d
494,255,145716,d
494,257,145733,d
494,258,145766,d
494,260,145783,d
494,262,145816,d
494,263,145833,d
494,265,145866,dr
494,267,145883,dr
494,268,145900,dr
494,270,145933,dr
494,272,145950,dr
494,273,145983,dr
494,275,146016,dr
494,277,146033,dr
494,278,146066,r
494,280,146100,r
496,280,146116,r
498,280,146150,
499,280,146183,
499,280,146216,
499,280,146233,
499,280,146266,
499,280,146283,u
499,280,146300,u
499,278,146333,u
499,277,146366,u
499,275,146383,u
499,273,146416,u
499,272,146466,u
499,270,146483,u
499,268,146500,u
499,267,146533,u
499,265,146550,u
499,263,146566,u
499,262,146600,u
499,260,146616,u
499,258,146633,u
499,257,146666,u
499,255,146683,u
499,253,146700,u
499,252,146733,u
499,250,146750,u
499,248,146766,u
499,247,146800,u
499,245,146816,u
499,243,146833,u
499,242,146866,u
499,240,146883,u
499,238,146900,u
499,237,146933,u
499,235,146950,u
499,233,146983,u
499,232,147000,u
499,230,147016,u
499,228,147033,u
499,227,147050,u
499,225,147066,u
499,223,147083,u
499,222,147100,u
499,220,147116,u
499,218,147133,u
499,217,147150,u
499,215,147166,u
499,213,147183,u
499,212,147200,u
499,210,147216,u
499,208,147233,u
499,207,147250,u
499,205,147266,u
499,203,147283,u
499,202,147300,u
499,200,147316,u
499,198,147333,u
499,197,147350,u
499,195,147366,u
499,193,147383,u
499,192,147400,u
499,190,147416,u
499,188,147433,u
499,187,147450,u
499,185,147466,u
499,183,147500,u
499,182,147516,u
499,180,147533,u
499,178,147566,u
499,177,147583,u
499,175,147616,u
499,173,147633,u
499,172,147666,u
499,170,147683,u
499,168,147716,u
499,167,147733,u
499,165,147750,u
499,163,147783,u
499,162,147800,u
499,160,147816,u
499,158,147850,u
499,157,147866,u
499,155,147883,u
499,153,147916,u
499,152,147933,u
499,150,147950,u
499,148,147983,u
499,147,148000,u
499,145,148033,u
499,143,148050,u
499,142,148066,u
499,140,148100,u
499,138,148116,u
499,137,148150,u
499,135,148166,u
499,133,148183,u
499,132,148216,u
499,130,148233,u
499,128,148250,u
499,127,148283,u
499,125,148300,u
499,123,148316,u
499,122,148350,u
499,120,148366,u
499,118,148400,u
499,117,148416,u
499,115,148450,u
499,113,148483,u
499,112,148516,l
499,110,148550,l
498,110,148566,l
496,110,148583,l
494,110,148616,l
493,110,148633,l
491,110,148650,l
489,110,148683,l
488,110,148700,l
486,110,148733,l
484,110,148750,l
483,110,148783,l
481,110,148800,l
479,110,148833,l
478,110,148850,l
476,110,148883,l
474,110,148900,l
473,110,148933,l
471,110,148950,l
469,110,148983,l
468,110,149000,l
466,110,149033,l
464,110,149050,l
463,110,149083,l
461,110,149100,l
459,110,149133,l
458,110,149150,l
456,110,149183,l
454,110,149200,l
453,110,149216,l
451,110,149250,l
449,110,149266,l
448,110,149300,l
446,110,149316,l
444,110,149350,l
443,110,149366,l
441,110,149400,l
439,110,149416,l
438,110,149450,l
436,110,149466,l
434,110,149483,l
433,110,149516,l
431,110,149533,l
429,110,149550,d
428,110,149583,d
428,112,149616,d
428,113,149650,d
428,115,149666,d
428,117,149700,d
428,118,149716,d
428,120,149733,d
428,122,149766,d
428,123,149783,d
428,125,149800,d
428,127,149833,d
428,128,149850,d
428,130,149866,d
428,132,149900,d
428,133,149916,d
428,135,149933,d
428,137,149966,d
428,138,149983,d
428,140,150000,d
428,142,150033,d
428,143,150050,d
428,145,150066,d
428,147,150100,d
428,148,150116,d
428,150,150133,d
428,152,150166,d
428,153,150183,d
428,155,150216,d
428,157,150233,d
428,158,150250,d
428,160,150283,d
428,162,150300,d
428,163,150316,d
428,165,150350,d
428,167,150366,d
428,168,150383,d
428,170,150416,d
428,172,150433,d
428,173,150450,d
428,175,150483,d
428,177,150500,d
428,178,150516,d
428,180,150550,d
428,182,150566,d
428,183,150583,d
428,185,150616,d
428,187,150633,d
428,188,150650,d
428,190,150683,d
428,192,150700,d
428,193,150733,d
428,195,150749,d
428,197,150766,d
428,198,150799,d
428,200,150816,d
428,202,150849,d
428,203,150866,d
428,205,150899,d
428,207,150916,d
428,208,150949,d
428,210,150966,d
428,212,150983,d
428,213,151016,d
428,215,151033,d
428,217,151049,d
428,218,151083,d
428,220,151099,d
428,222,151116,d
428,223,151149,d
428,225,151166,d
428,227,151199,d
428,228,151216,d
428,230,151233,d
428,232,151266,d
428,233,151283,d
428,235,151299,d
428,237,151333,d
428,238,151349,d
428,240,151366,d
428,242,151399,d
428,243,151416,d
428,245,151433,d
428,247,151466,d
428,248,151483,d
428,250,151499,d
428,252,151533,d
428,253,151549,d
428,255,151566,d
428,257,151599,d
428,258,151616,d
428,260,151633,d
428,262,151666,d
428,263,151683,d
428,265,151699,d
428,267,151733,d
428,268,151749,d
428,270,151766,d
428,272,151799,d
428,273,151816,d
428,275,151833,d
428,277,151866,d
428,278,151883,d
428,280,151899,d
428,282,151933,d
428,283,151949,d
428,285,151966,d
428,287,151999,d
428,288,152016,d
428,290,152033,d
428,292,152066,d
428,293,152083,d
428,295,152099,d
428,297,152133,d
428,298,152149,d
428,300,152166,d
428,302,152199,d
428,303,152216,d
428,305,152233,d
428,307,152266,d
428,308,152283,d
428,310,152316,d
428,312,152333,d
428,313,152349,d
428,315,152383,d
428,317,152399,d
428,318,152416,d
428,320,152449,d
428,322,152466,d
428,323,152483,d
428,325,152516,d
428,327,152533,d
428,328,152566,d
428,330,152583,d
428,332,152616,d
428,333,152633,d
428,335,152649,d
428,337,152683,dr
428,338,152699,dr
428,340,152716,dr
428,342,152749,r
428,343,152766,r
429,343,152783,r
431,343,152816,r
433,343,152849,r
434,343,152883,r
436,343,152899,r
438,343,152933,r
439,343,152949,r
441,343,152966,r
443,343,152999,r
444,343,153016,r
446,343,153033,r
448,343,153066,r
449,343,153083,r
451,343,153099,r
453,343,153133,r
454,343,153149,r
456,343,153183,r
458,343,153199,r
459,343,153216,r
461,343,153249,r
463,343,153266,r
464,343,153283,r
466,343,153316,r
468,343,153333,r
469,343,153349,r
471,343,153383,r
473,343,153399,r
474,343,153416,r
476,343,153449,r
478,343,153466,r
479,343,153483,r
481,343,153516,r
483,343,153533,r
484,343,153549,r
486,343,153583,r
488,343,153599,r
489,343,153616,r
491,343,153649,r
493,343,153666,r
494,343,153683,r
496,343,153716,r
498,343,153733,r
499,343,153749,r
501,343,153783,r
503,343,153799,r
504,343,153816,r
506,343,153849,r
508,343,153866,r
509,343,153883,r
511,343,153916,r
513,343,153933,r
514,343,153949,r
516,343,153983,r
518,343,153999,r
519,343,154016,r
521,343,154049,r
523,343,154066,r
524,343,154083,r
526,343,154116,r
528,343,154133,r
529,343,154166,r
531,343,154183,r
533,343,154216,r
534,343,154233,r
536,343,154249,r
538,343,154283,r
539,343,154299,r
541,343,154316,r
543,343,154349,r
544,343,154366,r
546,343,154383,r
548,343,154399,r
549,343,154433,r
551,343,154449,r
553,343,154466,r
554,343,154499,r
556,343,154516,r
558,343,154533,r
559,343,154566,r
561,343,154583,r
563,343,154599,r
564,343,154633,r
566,343,154649,r
568,343,154666,r
569,343,154683,r
571,343,154716,r
573,343,154733,r
574,343,154749,r
576,343,154783,r
578,343,154799,r
579,343,154816,r
581,343,154849,r
583,343,154866,r
584,343,154883,r
586,343,154916,r
588,343,154933,r
589,343,154949,r
591,343,154983,r
593,343,154999,r
594,343,155016,r
596,343,155033,r
598,343,155066,r
599,343,155083,r
601,343,155099,r
603,343,155133,r
604,343,155149,r
606,343,155166,r
608,343,155199,r
609,343,155216,r
611,343,155233,r
613,343,155249,r
614,343,155283,r
616,343,155299,r
618,343,155316,r
619,343,155333,r
621,343,155366,r
623,343,155383,r
624,343,155399,r
626,343,155416,r
628,343,155449,u
629,343,155466,u
629,342,155483,u
629,340,155516,u
629,338,155533,u
629,337,155549,u
629,335,155583,u
629,333,155599,u
629,332,155616,u
629,330,155649,u
629,328,155666,u
629,327,155683,u
629,325,155716,u
629,323,155733,u
629,322,155749,u
629,320,155783,u
629,318,155799,u
629,317,155816,u
629,315,155849,u
629,313,155866,u
629,312,155883,u
629,310,155916,u
629,308,155933,u
629,307,155949,u
629,305,155983,u
629,303,155999,u
629,302,156016,u
629,300,156049,u
629,298,156066,u
629,297,156083,u
629,295,156116,u
629,293,156133,u
629,292,156166,u
629,290,156183,u
629,288,156199,u
629,287,156233,u
629,285,156249,u
629,283,156266,u
629,282,156283,u
629,280,156299,u
629,278,156316,u
629,277,156333,u
629,275,156349,u
629,273,156366,u
629,272,156383,u
629,270,156399,u
629,268,156416,u
629,267,156433,u
629,265,156449,u
629,263,156466,u
629,262,156483,u
629,260,156499,u
629,258,156516,u
629,257,156533,u
629,255,156549,u
629,253,156566,u
629,252,156583,u
629,250,156599,u
629,248,156616,u
629,247,156633,u
629,245,156649,u
629,243,156666,u
629,242,156683,u
629,240,156699,u
629,238,156716,u
629,237,156733,u
629,235,156749,u
629,233,156766,u
629,232,156783,u
629,230,156799,u
629,228,156816,u
629,227,156833,u
629,225,156849,u
629,223,156866,u
629,222,156883,u
629,220,156899,u
629,218,156916,u
629,217,156933,u
629,215,156966,u
629,213,156983,u
629,212,156999,u
629,210,157016,u
629,208,157033,u
629,207,157049,u
629,205,157066,u
629,203,157083,u
629,202,157116,u
629,200,157133,u
629,198,157149,u
629,197,157183,u
629,195,157199,u
629,193,157233,u
629,192,157249,u
629,190,157266,u
629,188,157283,u
629,187,157299,u
629,185,157316,u
629,183,157333,u
629,182,157349,u
629,180,157366,u
629,178,157383,u
629,177,157399,u
629,175,157416,u
629,173,157433,u
629,172,157449,u
629,170,157466,u
629,168,157483,u
629,167,157499,u
629,165,157516,u
629,163,157533,u
629,162,157549,u
629,160,157566,u
629,158,157583,u
629,157,157599,u
629,155,157616,u
629,153,157633,u
629,152,157649,u
629,150,157666,u
629,148,157683,u
629,147,157699,u
629,145,157716,u
629,143,157733,u
629,142,157749,u
629,140,157766,u
629,138,157783,u
629,137,157799,u
629,135,157816,u
629,133,157833,u
629,132,157849,u
629,130,157866,u
629,128,157883,u
629,127,157899,u
629,125,157916,u
629,123,157949,u
629,122,157966,u
629,120,157983,u
629,118,158016,u
629,117,158033,u
629,115,158066,u
629,113,158083,u
629,112,158099,u
629,110,158133,u
629,108,158149,u
629,107,158166,u
629,105,158199,u
629,103,158216,u
629,102,158233,u
629,100,158266,u
629,98,158283,u
629,97,158299,u
629,95,158316,u
629,93,158349,u
629,92,158366,u
629,90,158383,u
629,88,158399,u
629,87,158433,u
629,85,158449,u
629,83,158483,u
629,82,158499,u
629,80,158516,u
629,78,158549,u
629,77,158566,u
629,75,158583,u
629,73,158599,u
629,72,158633,u
629,70,158649,u
629,68,158666,u
629,67,158683,u
629,65,158716,u
629,63,158733,u
629,62,158749,u
629,60,158783,u
629,58,158799,u
629,57,158816,u
629,55,158833,u
629,53,158866,u
629,52,158883,u
629,50,158899,u
629,48,158916,u
629,47,158949,u
629,45,158966,u
629,43,158983,u
629,42,158999,u
629,40,159033,u
629,40,159049,u
629,40,159066,u
629,40,159082,u
629,40,159116,u
629,40,159132,u
629,40,159166,u
629,40,159182,u
629,40,159199,u
629,40,159232,u
629,40,159249,u
629,40,159266,u
629,40,159299,u
629,40,159316,u
629,40,159332,u
629,40,159349,u
629,40,159382,u
629,40,159399,u
629,40,159416,u
629,40,159432,u
629,40,159466,
629,40,159482,
629,40,159499,
629,40,159516,
629,40,159549,
629,40,159566,
629,40,159582,
629,40,159599,
629,40,159632,
629,40,159649,d
629,40,159666,d
629,42,159682,d
629,43,159716,d
629,45,159732,d
629,47,159749,d
629,48,159766,d
629,50,159799,d
629,52,159816,d
629,53,159832,d
629,55,159849,d
629,57,159882,d
629,58,159899,d
629,60,159916,d
629,62,159932,d
629,63,159966,d
629,65,159982,d
629,67,159999,d
629,68,160016,d
629,70,160049,d
629,72,160066,d
629,73,160082,d
629,75,160099,d
629,77,160132,d
629,78,160149,d
629,80,160166,d
629,82,160199,d
629,83,160216,d
629,85,160232,d
629,87,160249,d
629,88,160282,d
629,90,160299,d
629,92,160316,d
629,93,160349,d
629,95,160366,d
629,97,160382,d
629,98,160416,d
629,100,160432,d
629,102,160449,d
629,103,160482,d
629,105,160499,d
629,107,160516,d
629,108,160549,d
629,110,160566,d
629,112,160582,d
629,113,160616,d
629,115,160632,d
629,117,160649,d
629,118,160682,d
629,120,160699,d
629,122,160716,d
629,123,160749,d
629,125,160766,d
629,127,160799,d
629,128,160816,d
629,130,160832,d
629,132,160866,d
629,133,160882,d
629,135,160899,d
629,137,160932,d
629,138,160949,d
629,140,160982,d
629,142,160999,d
629,143,161016,d
629,145,161049,d
629,147,161066,d
629,148,161082,d
629,150,161116,d
629,152,161132,d
629,153,161166,d
629,155,161199,d
629,157,161216,d
629,158,161232,d
629,160,161266,d
629,162,161282,d
629,163,161299,d
629,165,161332,d
629,167,161349,d
629,168,161366,d
629,170,161399,d
629,172,161416,d
629,173,161432,d
629,175,161466,d
629,177,161482,d
629,178,161499,d
629,180,161532,d
629,182,161549,d
629,183,161566,d
629,185,161599,d
629,187,161616,d
629,188,161632,d
629,190,161666,d
629,192,161682,d
629,193,161699,d
629,195,161732,d
629,197,161749,d
629,198,161766,d
629,200,161799,d
629,202,161816,d
629,203,161832,d
629,205,161866,d
629,207,161882,d
629,208,161899,d
629,210,161932,d
629,212,161949,d
629,213,161982,d
629,215,161999,d
629,217,162032,d
629,218,162049,d
629,220,162099,d
629,222,162132,d
629,223,162149,d
629,225,162166,d
629,227,162199,d
629,228,162216,d
629,230,162232,d
629,232,162266,d
629,233,162282,d
629,235,162299,d
629,237,162332,d
629,238,162349,d
629,240,162366,d
629,242,162399,d
629,243,162416,d
629,245,162449,d
629,247,162466,d
629,248,162482,d
629,250,162516,d
629,252,162532,d
629,253,162566,d
629,255,162582,d
629,257,162599,d
629,258,162632,d
629,260,162649,d
629,262,162666,d
629,263,162699,d
629,265,162716,d
629,267,162732,d
629,268,162766,d
629,270,162782,d
629,272,162799,d
629,273,162832,d
629,275,162849,d
629,277,162882,d
629,278,162899,d
629,280,162916,d
629,282,162949,d
629,283,162966,d
629,285,162982,d
629,287,163016,d
629,288,163032,d
629,290,163049,d
629,292,163082,d
629,293,163099,d
629,295,163116,d
629,297,163149,d
629,298,163166,d
629,300,163182,d
629,302,163216,d
629,303,163232,d
629,305,163266,d
629,307,163282,d
629,308,163299,d
629,310,163332,d
629,312,163349,d
629,313,163366,d
629,315,163399,d
629,317,163416,d
629,318,163432,dl
629,320,163466,dl
629,322,163482,dl
629,323,163499,dl
629,325,163532,dl
629,327,163549,dl
629,328,163582,dl
629,330,163599,dl
629,332,163616,dl
629,333,163649,dl
629,335,163666,dl
629,337,163682,dl
629,338,163716,dl
629,340,163732,dl
629,342,163749,dl
629,343,163782,l
629,344,163799,l
628,344,163816,l
626,344,163849,l
624,344,163866,l
623,344,163882,l
621,344,163916,l
619,344,163932,l
618,344,163949,l
616,344,163966,l
614,344,163999,l
613,344,164016,l
611,344,164032,l
609,344,164066,l
608,344,164082,l
606,344,164099,l
604,344,164132,l
603,344,164149,l
601,344,164166,l
599,344,164182,l
598,344,164216,l
596,344,164232,l
594,344,164249,l
593,344,164282,l
591,344,164299,l
589,344,164316,l
588,344,164332,l
586,344,164366,l
584,344,164382,l
583,344,164399,l
581,344,164432,l
579,344,164449,l
578,344,164466,l
576,344,164482,l
574,344,164516,l
573,344,164532,l
571,344,164549,l
569,344,164582,l
568,344,164599,l
566,344,164616,l
564,344,164632,l
563,344,164666,l
561,344,164682,l
559,344,164699,l
558,344,164732,l
556,344,164749,l
554,344,164766,l
553,344,164782,l
551,344,164816,l
549,344,164832,l
548,344,164849,l
546,344,164882,l
544,344,164899,l
543,344,164916,l
541,344,164949,l
539,344,164966,l
538,344,164982,l
536,344,165016,l
534,344,165032,l
533,344,165049,l
531,344,165082,l
529,344,165099,l
528,344,165116,l
526,344,165149,l
524,344,165166,l
523,344,165199,l
521,344,165216,l
519,344,165232,l
518,344,165266,l
516,344,165282,l
514,344,165316,l
513,344,165332,l
511,344,165349,l
509,344,165382,l
508,344,165399,l
506,344,165432,l
504,344,165449,l
503,344,165482,l
501,344,165499,l
499,344,165516,l
498,344,165549,l
496,344,165566,l
494,344,165582,l
493,344,165616,l
491,344,165632,l
489,344,165649,l
488,344,165682,l
486,344,165699,l
484,344,165716,l
483,344,165749,l
481,344,165766,l
479,344,165782,l
478,344,165816,l
476,344,165832,l
474,344,165849,l
473,344,165882,l
471,344,165899,l
469,344,165916,l
468,344,165949,l
466,344,165966,l
464,344,165982,l
463,344,166016,l
461,344,166032,l
459,344,166049,l
458,344,166082,l
456,344,166099,l
454,344,166116,l
453,344,166149,l
451,344,166166,l
449,344,166182,l
448,344,166216,l
446,344,166249,l
444,344,166266,l
443,344,166282,l
441,344,166316,l
439,344,166332,l
438,344,166349,l
436,344,166382,l
434,344,166399,l
433,344,166416,l
431,344,166449,l
429,344,166482,l
428,344,166499,l
426,344,166516,l
424,344,166532,l
423,344,166549,l
421,344,166566,l
419,344,166599,l
418,344,166616,l
416,344,166632,l
414,344,166666,l
413,344,166682,l
411,344,166699,l
409,344,166732,l
408,344,166749,l
406,344,166766,l
404,344,166799,l
403,344,166816,l
401,344,166832,l
399,344,166866,l
398,344,166882,l
396,344,166899,l
394,344,166932,dl
393,344,166949,dl
393,346,166966,d
393,347,166999,d
393,349,167016,d
393,351,167032,d
393,352,167066,d
393,354,167082,d
393,356,167099,d
393,357,167132,d
393,359,167149,d
393,361,167166,d
393,362,167199,d
393,364,167216,d
393,366,167232,d
393,367,167266,d
393,369,167282,d
393,371,167299,d
393,372,167332,d
393,374,167349,d
393,376,167366,d
393,377,167399,d
393,379,167415,d
393,381,167432,d
393,382,167465,d
393,384,167482,d
393,386,167499,d
393,387,167532,dr
393,389,167549,dr
393,391,167582,r
393,392,167599,r
394,392,167615,r
396,392,167632,r
398,392,167649,r
399,392,167665,r
401,392,167682,r
403,392,167699,r
404,392,167715,r
406,392,167732,r
408,392,167749,r
409,392,167765,r
411,392,167782,r
413,392,167799,r
414,392,167815,r
416,392,167832,r
418,392,167849,r
419,392,167865,r
421,392,167882,r
423,392,167899,r
424,392,167915,r
426,392,167932,r
428,392,167949,dr
429,392,167965,dr
429,394,167982,d
429,396,167999,d
429,397,168032,d
429,399,168049,d
429,401,168065,d
429,402,168099,d
429,404,168115,d
429,406,168132,d
429,407,168165,dr
429,408,168182,dr
429,408,168199,dr
429,408,168232,dr
429,408,168249,dr
429,408,168265,dr
429,408,168282,dr
429,408,168315,dr
429,408,168332,dr
429,408,168349,r
429,408,168365,r
431,408,168399,r
433,408,168415,r
434,408,168432,r
436,408,168465,r
438,408,168482,r
439,408,168499,r
441,408,168532,r
443,408,168549,r
444,408,168582,r
446,408,168599,r
448,408,168615,r
449,408,168649,r
451,408,168665,r
453,408,168682,r
454,408,168715,r
456,408,168732,r
458,408,168749,r
459,408,168782,r
461,408,168799,r
463,408,168815,r
464,408,168849,r
466,408,168865,r
468,408,168882,r
469,408,168915,r
471,408,168932,r
473,408,168949,r
474,408,168982,r
476,408,168999,r
478,408,169032,r
479,408,169049,r
481,408,169065,r
483,408,169099,r
484,408,169115,r
486,408,169132,r
488,408,169165,r
489,408,169182,r
491,408,169199,r
493,408,169232,r
494,408,169249,r
496,408,169282,r
498,408,169299,r
499,408,169315,r
501,408,169349,r
503,408,169365,r
504,408,169382,r
506,408,169415,r
508,408,169432,r
509,408,169449,r
511,408,169482,r
513,408,169499,r
514,408,169515,r
516,408,169549,r
518,408,169565,r
519,408,169582,r
521,408,169615,r
523,408,169632,r
524,408,169665,r
526,408,169682,r
528,408,169732,r
529,408,169765,r
531,408,169782,r
533,408,169799,r
534,408,169815,r
536,408,169832,d
538,408,169849,d
538,410,169865,d
538,411,169882,d
538,413,169899,d
538,415,169915,d
538,416,169932,d
538,418,169949,d
538,420,169965,d
538,421,169982,d
538,423,169999,d
538,425,170015,d
538,426,170032,d
538,428,170049,d
538,430,170065,d
538,431,170082,d
538,433,170099,d
538,435,170115,d
538,436,170132,d
538,438,170149,d
538,440,170165,d
538,440,170182,dr
538,440,170199,dr
538,440,170215,dr
538,440,170232,dr
538,440,170249,dr
538,440,170265,dr
538,440,170282,dr
538,440,170299,dr
538,440,170332,dr
538,440,170349,dr
538,440,170365,d
538,440,170399,d
538,440,170415,d
538,440,170432,d
538,440,170465,
538,440,170482,
538,440,170499,
538,440,170515,
538,440,170549,
538,440,170565,
538,440,170582,l
538,440,170599,l
536,440,170632,l
534,440,170649,l
533,440,170665,l
531,440,170699,l
529,440,170715,l
528,440,170732,l
526,440,170765,l
524,440,170782,l
523,440,170799,l
521,440,170832,l
519,440,170849,l
518,440,170865,l
516,440,170899,l
514,440,170915,l
513,440,170932,l
511,440,170965,l
509,440,170982,l
508,440,170999,l
506,440,171032,l
504,440,171049,l
503,440,171065,l
501,440,171099,dl
499,440,171115,dl
499,442,171132,dl
499,443,171165,d
499,445,171199,d
499,447,171215,d
499,448,171232,d
499,450,171265,d
499,452,171282,d
499,453,171299,d
499,455,171332,d
499,457,171349,d
499,458,171365,d
499,460,171399,d
499,462,171415,d
499,463,171432,d
499,465,171465,d
499,467,171482,d
499,468,171499,d
499,470,171532,d
499,472,171549,d
499,473,171565,d
499,475,171599,d
499,477,171615,d
499,478,171632,d
499,480,171665,d
499,482,171682,d
499,483,171699,d
499,485,171732,d
499,487,171749,d
499,488,171765,d
499,490,171799,d
499,492,171815,d
499,493,171832,dl
499,495,171865,dl
499,497,171882,dl
499,498,171899,dl
499,500,171932,dl
499,502,171949,dl
499,503,171965,dl
627,491,171999,dl
627,491,172015,dl
627,493,172032,dl
627,494,172065,l
627,496,172082,l
625,496,172099,l
623,496,172115,l
622,496,172149,l
620,496,172165,l
618,496,172182,l
617,496,172199,l
616,496,172232,l
616,496,172249,l
616,496,172265,l
616,496,172299,l
616,496,172315,l
616,496,172332,l
616,496,172349,l
616,496,172382,l
616,496,172399,l
616,496,172415,l
616,496,172432,l
616,496,172465,l
616,496,172482,l
616,496,172499,l
616,496,172532,l
616,496,172549,
616,496,172565,
616,496,172582,
616,496,172615,
616,496,172632,
616,496,172649,
616,496,172665,
616,496,172699,
616,496,172715,
616,496,172732,
616,496,172749,
616,496,172782,
616,496,172799,
616,496,172815,
616,496,172832,
616,496,172865,
616,496,172882,
616,496,172899,
616,496,172915,
616,496,172949,
616,496,172965,
616,496,172982,
616,496,172999,
616,496,173032,
616,496,173049,
616,496,173065,
616,496,173082,d
616,496,173115,d
616,498,173132,d
616,499,173165,d
616,501,173182,d
616,503,173199,d
616,504,173232,d
616,506,173249,d
616,508,173265,d
616,509,173282,d
616,511,173299,d
616,513,173315,d
616,514,173332,d
616,516,173349,d
616,518,173365,d
616,519,173382,d
616,521,173399,d
616,523,173432,d
616,524,173449,d
616,526,173482,d
616,528,173499,d
616,529,173515,d
616,531,173549,d
616,533,173565,d
616,534,173582,d
616,536,173615,d
616,538,173632,d
616,539,173649,d
616,541,173682,d
616,543,173699,d
616,544,173715,d
616,546,173732,d
616,548,173765,d
616,549,173782,d
616,551,173799,d
616,553,173815,d
616,554,173849,d
616,556,173865,d
616,558,173882,d
616,559,173915,d
616,561,173932,d
616,563,173949,d
616,564,173965,d
616,566,173999,d
616,568,174015,d
616,569,174032,d
616,571,174049,d
616,573,174082,d
616,574,174099,d
616,576,174115,d
616,578,174132,d
616,579,174165,d
616,581,174182,d
616,583,174199,dl
616,584,174215,dl
616,586,174249,l
616,588,174265,l
614,588,174282,l
613,588,174299,l
611,588,174332,l
609,588,174349,l
608,588,174365,l
606,588,174382,l
604,588,174415,l
603,588,174432,l
601,588,174449,l
599,588,174482,l
598,588,174499,l
596,588,174515,l
594,588,174532,l
593,588,174565,l
591,588,174582,l
589,588,174599,l
588,588,174615,l
586,588,174649,l
584,588,174665,l
583,588,174682,l
581,588,174699,l
579,588,174732,l
578,588,174749,l
576,588,174765,l
574,588,174782,l
573,588,174815,l
571,588,174832,l
569,588,174849,l
568,588,174865,l
566,588,174899,l
564,588,174915,l
563,588,174932,l
561,588,174949,l
559,588,174982,l
558,588,174999,l
556,588,175015,l
554,588,175032,l
553,588,175065,l
551,588,175082,l
549,588,175099,l
548,588,175115,l
546,588,175149,l
544,588,175165,l
543,588,175182,l
541,588,175215,l
539,588,175232,l
538,588,175249,l
536,588,175282,l
534,588,175299,l
533,588,175315,l
531,588,175349,l
529,588,175365,l
528,588,175382,l
526,588,175415,l
524,588,175432,l
523,588,175465,l
521,588,175482,l
519,588,175499,l
518,588,175532,l
516,588,175549,l
514,588,175565,l
513,588,175599,l
511,588,175615,l
509,588,175632,l
508,588,175665,l
506,588,175682,l
504,588,175699,l
503,588,175732,l
501,588,175765,l
499,588,175798,l
498,588,175815,l
496,588,175832,dl
494,588,175848,d
494,589,175865,d
494,591,175882,d
494,593,175898,d
494,594,175915,d
494,596,175932,d
494,598,175948,d
494,599,175982,d
623,41,175998,d
623,41,176015,d
623,42,176048,d
623,44,176065,d
623,46,176082,d
623,47,176115,d
623,49,176132,d
623,51,176148,d
623,52,176165,d
623,54,176198,d
623,56,176215,d
623,57,176232,d
623,59,176248,d
623,61,176282,d
623,62,176298,d
623,64,176315,d
623,66,176348,d
623,67,176365,d
623,69,176382,d
623,71,176415,d
623,72,176432,d
623,74,176448,d
623,76,176465,d
623,77,176498,d
623,79,176515,d
623,81,176532,d
623,82,176548,d
623,84,176582,d
623,86,176598,d
623,87,176615,d
623,89,176632,d
623,91,176665,d
623,92,176682,d
623,94,176698,d
623,96,176732,d
623,97,176748,d
623,99,176765,d
623,101,176782,d
623,102,176815,d
623,104,176832,d
623,106,176848,d
623,107,176882,d
623,109,176898,d
623,111,176915,d
623,112,176948,d
623,114,176965,d
623,116,176998,d
623,117,177015,d
623,119,177032,d
623,121,177065,d
623,122,177082,d
623,124,177098,d
623,126,177132,d
623,127,177148,d
623,129,177165,d
623,131,177198,d
623,132,177215,d
623,134,177232,d
623,136,177265,d
623,137,177282,d
623,139,177298,d
623,141,177332,d
623,142,177348,d
623,144,177365,d
623,146,177398,d
623,147,177415,d
623,149,177432,d
623,151,177465,d
623,152,177482,d
623,154,177498,d
623,156,177532,d
623,157,177548,d
623,159,177565,d
623,161,177598,d
623,162,177615,d
623,164,177632,d
623,166,177665,d
623,167,177682,d
623,169,177698,d
623,171,177732,d
623,172,177748,d
623,174,177765,d
623,176,177798,d
623,177,177815,d
623,179,177832,d
623,181,177865,d
623,182,177882,d
623,184,177915,d
623,186,177932,d
623,187,177948,d
623,189,177965,d
623,191,177982,d
623,192,177998,d
623,194,178015,d
623,196,178032,d
623,197,178048,d
623,199,178065,d
623,201,178082,d
623,202,178098,d
623,204,178115,d
623,206,178132,d
623,207,178148,d
623,209,178165,d
623,211,178182,d
623,212,178198,d
623,214,178215,d
623,216,178232,d
623,217,178248,d
623,219,178265,d
623,221,178282,d
623,222,178298,d
623,224,178315,d
623,226,178332,d
623,227,178348,d
623,229,178365,d
623,231,178382,d
623,232,178398,d
623,234,178415,d
623,236,178432,d
623,237,178448,d
623,239,178465,d
623,241,178482,d
623,242,178498,d
623,244,178515,d
623,246,178532,d
623,247,178565,d
623,249,178582,d
623,251,178598,d
623,252,178632,d
623,254,178648,d
623,256,178665,d
623,257,178698,d
623,259,178715,d
623,261,178732,d
623,262,178765,d
623,264,178782,d
623,266,178798,d
623,267,178832,d
623,269,178848,d
623,271,178865,d
623,272,178898,d
623,274,178915,d
623,276,178932,d
623,277,178965,d
623,279,178982,d
623,281,178998,d
623,282,179032,d
623,284,179048,d
623,286,179065,d
623,287,179098,d
623,289,179115,d
623,291,179148,d
623,292,179165,d
623,294,179182,d
623,296,179215,d
623,297,179232,d
623,299,179248,d
623,301,179282,d
623,302,179298,d
623,304,179315,d
623,306,179348,d
623,307,179365,d
623,309,179382,d
623,311,179415,d
623,312,179432,d
623,314,179448,d
623,316,179482,d
623,317,179498,d
623,319,179515,d
623,321,179548,d
623,322,179565,d
623,324,179582,d
623,326,179615,d
623,327,179632,d
623,329,179665,dl
623,331,179698,dl
623,332,179732,dl
623,334,179748,dl
623,336,179765,dl
623,337,179798,l
623,339,179815,l
621,339,179832,l
619,339,179848,l
618,339,179882,l
616,339,179898,l
614,339,179915,l
613,339,179932,l
611,339,179965,l
609,339,179982,l
608,339,179998,l
606,339,180015,l
604,339,180048,l
603,339,180065,l
601,339,180082,l
599,339,180098,l
598,339,180132,l
596,339,180148,l
594,339,180165,l
593,339,180182,l
591,339,180215,l
589,339,180232,l
588,339,180248,l
586,339,180282,l
584,339,180298,l
583,339,180315,
581,339,180348,
581,339,180365,
581,339,180382,
581,339,180398,
581,339,180432,
581,339,180448,l
581,339,180465,l
579,339,180498,l
578,339,180515,l
576,339,180532,l
574,339,180548,l
573,339,180582,l
571,339,180598,l
569,339,180615,l
568,339,180632,l
566,339,180665,l
564,339,180682,l
563,339,180698,l
561,339,180715,l
559,339,180748,l
558,339,180765,l
556,339,180782,l
554,339,180798,l
553,339,180832,l
551,339,180848,l
549,339,180865,l
548,339,180882,l
546,339,180915,l
544,339,180932,l
543,339,180948,l
541,339,180965,l
539,339,180998,l
538,339,181015,l
536,339,181032,l
534,339,181065,l
533,339,181082,l
531,339,181098,l
529,339,181132,l
528,339,181148,l
526,339,181165,l
524,339,181198,l
523,339,181215,l
521,339,181248,l
519,339,181265,l
518,339,181282,l
516,339,181315,l
514,339,181332,l
513,339,181348,l
511,339,181382,l
509,339,181398,l
508,339,181415,l
506,339,181448,l
504,339,181465,l
503,339,181482,l
501,339,181515,l
499,339,181532,l
498,339,181548,l
496,339,181582,l
494,339,181598,l
493,339,181615,l
491,339,181648,l
489,339,181665,l
488,339,181682,l
486,339,181715,l
484,339,181732,l
483,339,181748,l
481,339,181782,l
479,339,181798,l
478,339,181815,l
476,339,181848,l
474,339,181865,l
473,339,181882,l
471,339,181915,l
469,339,181932,l
468,339,181948,l
466,339,181982,l
464,339,181998,l
463,339,182015,l
461,339,182048,l
459,339,182065,l
458,339,182082,l
456,339,182115,l
454,339,182132,l
453,339,182165,l
451,339,182182,l
449,339,182198,l
448,339,182232,l
446,339,182248,l
444,339,182265,l
443,339,182298,l
441,339,182315,l
439,339,182332,l
438,339,182365,l
436,339,182382,l
434,339,182398,l
433,339,182432,l
431,339,182448,l
429,339,182465,l
428,339,182498,l
426,339,182515,l
424,339,182532,l
423,339,182565,l
421,339,182582,l
419,339,182598,l
418,339,182632,l
416,339,182648,l
414,339,182665,l
413,339,182698,l
411,339,182715,l
409,339,182732,l
408,339,182765,l
406,339,182782,l
404,339,182798,l
403,339,182832,l
401,339,182848,l
399,339,182865,l
398,339,182898,l
396,339,182915,l
394,339,182932,l
393,339,182965,l
391,339,182982,l
389,339,182998,l
388,339,183032,l
386,339,183048,l
384,339,183065,l
383,339,183098,l
381,339,183115,l
379,339,183132,l
378,339,183165,l
376,339,183182,l
374,339,183198,l
373,339,183232,l
371,339,183248,l
369,339,183265,l
368,339,183298,l
366,339,183315,l
364,339,183332,l
363,339,183365,l
361,339,183382,l
359,339,183398,l
358,339,183432,l
356,339,183448,l
354,339,183465,l
353,339,183498,l
351,339,183515,l
349,339,183532,l
348,339,183565,l
346,339,183582,l
344,339,183598,l
343,339,183632,l
341,339,183648,l
339,339,183665,l
338,339,183698,l
336,339,183715,l
334,339,183732,l
333,339,183765,l
331,339,183782,l
329,339,183815,l
327,339,183832,l
326,339,183848,l
324,339,183882,l
322,339,183898,l
321,339,183915,l
319,339,183948,l
317,339,183965,l
316,339,183982,l
314,339,184032,l
312,339,184065,l
311,339,184081,l
309,339,184098,l
307,339,184115,l
306,339,184131,l
304,339,184148,l
302,339,184165,l
301,339,184181,l
299,339,184198,l
297,339,184215,
296,339,184231,
296,339,184248,
296,339,184265,
296,339,184281,
296,339,184315,
296,339,184331,
296,339,184348,
296,339,184365,
296,339,184398,
296,339,184415,
296,339,184431,
296,339,184448,
296,339,184481,
296,339,184498,
296,339,184515,
296,339,184531,l
296,339,184565,l
294,339,184581,l
292,339,184598,l
291,339,184631,l
289,339,184648,l
287,339,184665,l
286,339,184698,l
284,339,184715,l
282,339,184731,l
281,339,184765,l
279,339,184781,l
277,339,184798,l
276,339,184831,l
274,339,184848,l
272,339,184865,l
271,339,184898,l
269,339,184915,l
267,339,184931,l
266,339,184965,l
264,339,184981,l
262,339,184998,l
261,339,185031,l
259,339,185048,l
257,339,185065,l
256,339,185098,l
254,339,185115,l
252,339,185131,l
251,339,185165,l
249,339,185181,l
247,339,185198,l
246,339,185231,l
244,339,185248,l
242,339,185265,l
241,339,185298,l
239,339,185315,l
237,339,185348,l
236,339,185365,l
234,339,185381,l
232,339,185415,l
231,339,185431,l
229,339,185448,l
227,339,185481,l
226,339,185498,l
224,339,185515,l
222,339,185548,l
221,339,185565,l
219,339,185581,l
217,339,185615,l
216,339,185631,l
214,339,185648,l
212,339,185681,l
211,339,185698,l
209,339,185715,l
207,339,185748,l
206,339,185765,l
204,339,185781,l
202,339,185815,l
201,339,185831,l
199,339,185848,l
197,339,185881,l
196,339,185898,l
194,339,185931,l
192,339,185948,l
191,339,185965,l
189,339,185998,l
187,339,186015,l
186,339,186031,l
184,339,186065,l
182,339,186081,l
181,339,186098,l
179,339,186131,l
177,339,186148,l
176,339,186165,l
174,339,186198,l
172,339,186215,l
171,339,186231,l
169,339,186265,l
167,339,186281,l
166,339,186298,l
164,339,186331,l
162,339,186348,l
161,339,186381,dl
159,339,186398,dl
159,341,186415,dl
159,342,186448,dl
159,344,186465,d
159,346,186498,d
159,347,186515,d
159,349,186531,d
159,351,186565,d
159,352,186581,d
159,354,186598,d
159,356,186631,d
159,357,186648,d
159,359,186665,d
159,361,186698,d
159,362,186715,d
159,364,186731,d
159,366,186765,d
159,367,186781,d
159,369,186798,d
159,371,186831,d
159,372,186848,d
159,374,186865,d
159,376,186898,d
159,377,186915,d
159,379,186931,d
159,381,186965,d
159,382,186981,d
159,384,186998,d
159,386,187031,d
159,387,187048,d
159,389,187065,d
159,391,187098,d
159,392,187115,d
159,394,187131,d
159,396,187165,d
159,397,187181,d
159,399,187198,d
159,401,187231,d
159,402,187248,d
159,404,187265,d
159,406,187298,d
159,407,187315,d
159,409,187331,d
159,411,187365,d
159,412,187381,d
159,414,187398,d
159,416,187415,d
159,417,187431,d
159,419,187448,d
159,421,187481,d
159,422,187515,d
159,424,187531,d
159,426,187548,d
159,427,187565,d
159,429,187581,d
159,431,187598,d
159,432,187615,d
159,434,187631,d
159,436,187648,d
159,437,187665,d
159,439,187698,d
159,441,187715,d
159,442,187731,d
159,444,187765,d
159,446,187781,d
159,447,187798,d
159,449,187831,d
159,451,187848,d
159,452,187865,d
159,454,187898,d
159,456,187915,dl
159,457,187931,dl
159,459,187965,l
159,461,187981,l
157,461,187998,l
156,461,188031,l
154,461,188048,l
152,461,188065,l
151,461,188098,l
149,461,188115,l
147,461,188131,l
146,461,188165,l
144,461,188181,l
142,461,188215,
141,461,188231,
141,461,188248,
141,461,188265,
141,461,188281,
141,461,188298,d
141,461,188315,d
141,462,188331,d
141,464,188348,d
141,466,188365,d
141,467,188381,d
141,469,188398,d
141,471,188415,d
141,472,188431,d
141,472,188448,d
141,472,188465,d
141,472,188481,
141,472,188498,
141,472,188515,l
141,472,188531,l
139,472,188548,l
138,472,188565,l
136,472,188581,l
134,472,188598,l
132,472,188615,l
131,472,188631,l
129,472,188648,l
127,472,188665,l
126,472,188681,l
124,472,188698,l
122,472,188715,l
121,472,188731,l
119,472,188748,l
117,472,188765,l
116,472,188781,l
114,472,188798,l
112,472,188815,l
111,472,188831,l
109,472,188848,l
107,472,188865,l
106,472,188881,l
104,472,188898,l
102,472,188915,l
101,472,188931,l
99,472,188948,l
97,472,188965,l
96,472,188981,l
94,472,188998,l
92,472,189015,l
91,472,189031,l
89,472,189048,l
87,472,189065,l
86,472,189081,l
84,472,189098,l
82,472,189115,l
81,472,189131,l
79,472,189148,l
77,472,189165,l
76,472,189181,l
74,472,189198,l
72,472,189215,l
72,472,189231,l
72,472,189248,l
72,472,189265,dl
72,472,189281,dl
72,474,189298,d
72,475,189315,d
72,477,189348,d
72,479,189365,d
72,480,189381,d
72,482,189415,d
72,484,189431,d
72,485,189465,d
72,487,189481,d
72,489,189515,d
72,490,189531,d
72,492,189548,d
72,494,189581,d
72,495,189598,d
72,497,189615,d
72,499,189648,d
72,500,189665,d
72,502,189681,d
72,504,189715,l
72,504,189731,l
70,504,189748,l
69,504,189781,l
67,504,189798,l
65,504,189815,l
64,504,189831,l
62,504,189865,l
60,504,189881,l
59,504,189898,l
57,504,189915,l
55,504,189948,l
54,504,189965,l
52,504,189981,l
50,504,189998,l
49,504,190031,l
47,504,190048,l
45,504,190065,l
44,504,190081,d
42,504,190115,d
42,506,190131,d
42,507,190148,d
42,509,190181,d
42,511,190198,d
42,512,190215,d
42,514,190248,d
42,516,190265,d
42,517,190281,d
42,519,190315,d
42,521,190331,d
42,522,190348,d
42,524,190381,d
42,526,190398,d
42,527,190415,d
42,529,190448,d
42,531,190465,d
42,532,190481,d
42,534,190515,d
42,536,190531,d
42,537,190548,d
42,539,190565,d
42,541,190581,d
42,542,190598,d
42,544,190615,d
42,546,190631,d
42,547,190665,d
42,549,190681,d
42,551,190698,d
42,552,190731,d
42,554,190748,d
42,556,190765,d
42,557,190781,d
42,559,190815,d
42,561,190831,d
42,562,190848,d
42,564,190881,d
42,566,190898,d
42,567,190915,d
42,569,190931,d
42,571,190965,d
42,572,190981,d
42,574,191015,d
42,576,191031,d
42,577,191048,d
42,579,191081,d
42,581,191098,d
42,582,191115,d
42,584,191131,d
42,586,191148,d
42,587,191165,d
42,589,191181,d
42,591,191198,d
42,592,191231,
42,594,191248,
42,594,191265,
42,594,191281,
42,594,191298,
42,594,191315,
42,594,191331,
42,594,191365,u
42,594,191381,u
42,592,191398,u
42,591,191431,u
42,589,191448,u
42,587,191481,u
42,586,191498,u
42,584,191531,u
42,582,191548,u
42,581,191581,u
42,579,191598,u
42,577,191631,u
42,576,191648,u
42,574,191665,u
42,572,191698,u
42,571,191715,u
42,569,191731,u
42,567,191765,u
42,566,191781,u
42,564,191798,u
42,562,191815,u
42,561,191848,u
42,559,191865,u
42,557,191881,u
42,556,191915,u
42,554,191931,u
42,552,191948,u
42,551,191981,u
42,549,191998,u
42,547,192015,u
42,546,192031,u
42,544,192065,u
42,542,192081,u
42,541,192098,u
42,539,192131,u
42,537,192148,u
42,536,192165,u
42,534,192198,u
42,532,192215,u
42,531,192231,u
42,529,192265,u
42,527,192281,u
42,526,192298,u
42,524,192331,u
42,522,192348,u
42,521,192381,u
42,519,192398,u
42,517,192414,u
42,516,192448,u
42,514,192464,u
42,512,192481,u
42,511,192514,u
42,509,192531,u
42,507,192548,u
42,506,192581,u
42,504,192598,u
42,502,192614,u
42,501,192648,u
42,499,192664,u
42,497,192698,u
42,496,192714,u
42,494,192731,ur
42,492,192764,ur
42,491,192781,r
42,489,192814,r
44,489,192831,r
45,489,192848,r
47,489,192864,r
49,489,192898,r
50,489,192914,r
52,489,192931,r
54,489,192948,r
55,489,192981,r
57,489,192998,r
59,489,193014,r
60,489,193048,r
62,489,193064,r
64,489,193081,r
65,489,193098,r
67,489,193131,r
69,489,193148,r
70,489,193164,r
72,489,193181,r
74,489,193214,r
75,489,193231,r
77,489,193248,r
79,489,193281,r
80,489,193298,r
82,489,193314,r
84,489,193348,u
85,489,193364,u
85,487,193381,u
85,486,193414,u
85,484,193448,u
85,482,193464,u
85,481,193481,u
85,479,193498,u
85,477,193514,u
85,476,193531,u
85,474,193548,u
85,472,193564,u
85,471,193581,u
85,469,193598,u
85,467,193614,u
85,466,193631,u
85,464,193648,u
85,462,193664,u
85,461,193681,u
85,459,193698,ur
85,457,193714,ur
85,456,193731,ur
85,456,193748,r
85,456,193764,r
87,456,193781,r
89,456,193798,r
90,456,193814,r
92,456,193831,r
94,456,193848,r
95,456,193864,r
97,456,193881,r
99,456,193898,r
100,456,193914,r
102,456,193931,r
104,456,193948,r
105,456,193964,r
107,456,193981,r
109,456,193998,r
110,456,194014,r
112,456,194031,r
114,456,194048,r
115,456,194064,r
117,456,194081,r
119,456,194098,r
120,456,194114,r
122,456,194148,r
124,456,194164,r
125,456,194198,r
127,456,194214,r
129,456,194248,r
130,456,194264,r
132,456,194298,r
134,456,194314,r
135,456,194348,r
137,456,194364,r
139,456,194398,r
140,456,194414,r
142,456,194448,ur
144,456,194464,ur
144,454,194498,u
144,453,194514,u
144,451,194548,u
144,449,194564,u
144,448,194598,u
144,446,194614,u
144,444,194631,u
144,443,194648,u
144,441,194664,u
144,439,194681,u
144,438,194714,u
144,436,194731,u
144,434,194764,u
144,433,194781,u
144,431,194814,u
144,429,194831,u
144,428,194848,u
144,426,194881,u
144,424,194898,u
144,423,194914,u
144,421,194948,u
144,419,194964,u
144,418,194981,u
144,416,195014,u
144,414,195031,u
144,413,195048,u
144,411,195081,u
144,409,195098,u
144,408,195114,u
144,406,195148,u
144,404,195164,u
144,403,195181,u
144,401,195214,u
144,399,195231,u
144,398,195248,u
144,396,195281,u
144,394,195298,u
144,393,195314,u
144,391,195348,u
144,389,195364,u
144,388,195381,u
144,386,195414,u
144,384,195431,u
144,383,195448,u
144,381,195481,u
144,379,195498,u
144,378,195514,u
144,376,195548,u
144,374,195564,u
144,373,195581,u
144,371,195614,u
144,369,195631,u
144,368,195648,u
144,366,195681,u
144,364,195698,u
144,363,195714,u
144,361,195748,u
144,359,195764,u
144,358,195781,u
144,356,195814,u
144,354,195831,u
144,353,195848,u
144,351,195881,u
144,349,195898,u
144,348,195914,u
144,346,195948,u
144,344,195964,u
144,343,195998,u
144,341,196014,u
144,339,196031,u
144,338,196064,u
144,336,196081,u
144,334,196114,u
144,333,196131,u
144,331,196148,u
144,329,196181,u
144,328,196198,u
144,326,196214,u
144,324,196248,u
144,323,196264,u
144,321,196281,u
144,319,196314,u
144,318,196331,u
144,316,196348,u
144,314,196381,u
144,313,196398,u
144,311,196414,u
144,309,196448,u
144,308,196464,u
144,306,196481,u
144,304,196514,u
144,303,196531,ul
144,301,196548,ul
144,299,196581,ul
144,298,196598,ul
144,296,196614,ul
144,294,196648,
144,293,196681,
144,293,196698,
144,293,196714,
144,293,196731,
144,293,196764,
144,293,196781,
144,293,196798,
144,293,196814,
144,293,196831,
144,293,196864,
144,293,196881,
144,293,196914,
144,293,196931,
144,293,196948,
144,293,196964,
144,293,196998,l
144,293,197014,l
142,293,197031,l
140,293,197064,l
139,293,197081,l
137,293,197098,
135,293,197131,
135,293,197148,
135,293,197164,
135,293,197181,
135,293,197214,l
135,293,197231,l
134,293,197248,l
132,293,197281,l
130,293,197298,l
129,293,197314,l
127,293,197348,l
125,293,197364,l
124,293,197381,l
122,293,197414,l
120,293,197431,l
119,293,197448,l
117,293,197481,l
115,293,197498,l
114,293,197531,l
112,293,197548,dl
110,293,197581,d
110,294,197598,d
110,296,197614,d
110,298,197648,d
110,299,197664,d
110,301,197681,d
110,303,197714,dl
110,304,197731,dl
110,306,197748,l
110,308,197781,l
109,308,197798,l
107,308,197814,l
105,308,197848,l
104,308,197864,l
102,308,197881,l
100,308,197914,l
99,308,197931,l
97,308,197948,l
95,308,197964,l
94,308,197998,l
92,308,198014,l
90,308,198031,l
89,308,198048,l
87,308,198081,l
85,308,198098,l
84,308,198114,l
82,308,198131,l
80,308,198164,l
79,308,198181,l
77,308,198198,l
75,308,198214,l
74,308,198248,l
72,308,198264,l
70,308,198281,l
69,308,198298,l
67,308,198331,l
65,308,198348,l
64,308,198364,l
62,308,198381,l
60,308,198414,l
59,308,198431,l
57,308,198448,l
55,308,198464,l
54,308,198498,l
52,308,198514,l
50,308,198531,l
49,308,198548,l
47,308,198564,l
45,308,198581,l
44,308,198598,l
42,308,198614,l
40,308,198631,l
40,308,198648,ul
40,308,198664,ul
40,306,198681,ul
40,304,198698,ul
40,303,198714,u
40,301,198731,u
40,299,198748,u
40,298,198764,u
40,296,198781,u
40,294,198798,u
40,293,198814,u
40,291,198831,u
40,289,198848,u
40,288,198864,u
40,286,198881,u
40,284,198898,u
40,283,198914,u
40,281,198931,u
40,279,198948,u
40,278,198964,u
40,276,198981,u
40,274,198998,u
40,273,199014,u
40,271,199031,u
40,269,199048,u
40,268,199064,u
40,266,199081,u
40,264,199098,u
40,263,199114,u
40,261,199131,u
40,259,199148,u
40,258,199164,u
40,256,199181,u
40,254,199198,u
40,253,199214,u
40,251,199231,u
40,249,199248,u
40,248,199264,u
40,246,199281,u
40,244,199298,u
40,243,199314,u
40,241,199331,u
40,239,199348,u
40,238,199364,u
40,236,199381,u
40,234,199398,u
40,233,199414,u
40,231,199431,u
40,229,199448,u
40,228,199464,u
40,226,199481,u
40,224,199514,u
40,223,199531,u
40,221,199548,u
40,219,199564,u
40,218,199581,u
40,216,199598,u
40,214,199614,u
40,213,199631,u
40,211,199648,
40,209,199681,
40,209,199698,
40,209,199714,
40,209,199748,
40,209,199764,
40,209,199781,
40,209,199798,
40,209,199831,
40,209,199848,
40,209,199864,
40,209,199881,
40,209,199914,
40,209,199931,
40,209,199948,l
40,209,199964,l
38,209,199998,l
37,209,200014,l
35,209,200031,l
33,209,200064,l
32,209,200081,l
30,209,200098,l
28,209,200114,l
27,209,200148,l
25,209,200164,l
23,209,200181,l
22,209,200214,l
20,209,200231,l
18,209,200248,l
17,209,200264,l
15,209,200298,l
13,209,200314,l
12,209,200331,l
10,209,200364,l
8,209,200381,l
8,209,200398,l
8,209,200431,l
8,209,200448,l
8,209,200464,l
8,209,200498,l
8,209,200514,l
8,209,200531,l
8,209,200564,l
8,209,200581,l
8,209,200598,l
8,209,200631,l
8,209,200648,l
8,209,200664,l
8,209,200681,l
8,209,200714,l
8,209,200731,l
8,209,200747,l
8,209,200781,l
8,209,200797,l
8,209,200814,l
8,209,200847,l
8,209,200864,l
8,209,200881,l
8,209,200914,l
8,209,200931,
8,209,200947,
8,209,200964,
8,209,200997,
8,209,201014,
8,209,201031,
8,209,201064,
8,209,201081,r
8,209,201097,r
10,209,201131,r
11,209,201147,r
13,209,201164,r
15,209,201197,r
16,209,201214,r
18,209,201247,r
20,209,201264,r
21,209,201297,r
23,209,201314,r
25,209,201347,r
26,209,201364,r
28,209,201397,r
30,209,201414,r
31,209,201447,r
33,209,201464,r
35,209,201497,r
36,209,201514,r
38,209,201547,r
40,209,201564,r
41,209,201597,r
43,209,201614,r
45,209,201647,d
46,209,201664,d
46,211,201697,d
46,213,201714,d
46,214,201747,d
46,216,201764,d
46,218,201797,d
46,219,201814,d
46,221,201847,d
46,223,201864,d
46,224,201897,d
46,226,201931,d
46,228,201947,d
46,229,201964,d
46,231,201997,d
46,233,202014,d
46,234,202031,d
46,236,202064,d
46,238,202097,d
46,239,202114,d
46,241,202131,d
46,243,202164,d
46,244,202181,d
46,246,202214,d
46,248,202231,d
46,249,202264,d
46,251,202297,d
46,253,202314,d
46,254,202347,d
46,256,202364,d
46,258,202381,d
46,259,202414,d
46,261,202431,d
46,263,202447,d
46,264,202481,d
46,266,202497,d
46,268,202514,d
46,269,202547,d
46,271,202564,d
46,273,202581,d
46,274,202614,d
46,276,202631,d
46,278,202647,d
46,279,202681,d
46,281,202697,d
46,283,202714,d
46,284,202747,d
46,286,202764,d
46,288,202797,d
46,289,202847,d
46,291,202864,d
46,293,202881,d
46,294,202897,d
46,296,202931,d
46,298,202947,d
46,299,202981,d
46,301,202997,d
46,303,203014,d
46,304,203047,d
46,306,203064,d
46,308,203081,d
46,309,203114,d
46,311,203131,d
46,313,203147,d
46,314,203181,d
46,316,203197,d
46,318,203231,d
46,319,203247,d
46,321,203264,d
46,323,203297,d
46,324,203314,d
46,326,203331,d
46,328,203364,d
46,329,203381,d
46,331,203397,d
46,333,203431,d
46,334,203447,d
46,336,203464,d
46,338,203497,d
46,339,203514,d
46,341,203531,d
46,343,203564,d
46,344,203581,d
46,346,203597,d
46,348,203631,d
46,349,203647,d
46,351,203664,d
46,353,203697,d
46,354,203714,d
46,356,203747,d
46,358,203764,d
46,359,203781,d
46,361,203797,d
46,363,203814,d
46,364,203831,d
46,366,203847,d
46,368,203864,d
46,369,203881,d
46,371,203897,d
46,373,203914,d
46,374,203931,d
46,376,203947,d
46,378,203964,d
46,379,203981,d
46,381,204014,d
46,383,204031,d
46,384,204047,d
46,386,204081,d
46,388,204097,d
46,389,204114,d
46,391,204147,d
46,393,204164,d
46,394,204181,d
46,396,204214,d
46,398,204231,d
46,399,204247,d
46,401,204281,
46,403,204297,
46,403,204314,
46,403,204347,
46,403,204364,l
46,403,204381,l
45,403,204397,l
43,403,204431,l
41,403,204447,l
40,403,204464,l
38,403,204481,l
36,403,204514,l
35,403,204531,l
33,403,204547,l
31,403,204564,l
30,403,204597,l
28,403,204614,l
26,403,204631,l
25,403,204664,l
23,403,204681,l
21,403,204714,l
20,403,204731,l
18,403,204747,l
16,403,204781,l
15,403,204797,l
13,403,204814,l
11,403,204831,l
10,403,204864,l
8,403,204881,l
8,403,204897,l
8,403,204931,l
8,403,204947,
8,403,204981,
8,403,204997,
8,403,205014,
8,403,205047,
8,403,205064,
8,403,205097,
8,403,205114,
8,403,205147,r
8,403,205164,r
10,403,205197,r
11,403,205214,r
13,403,205231,r
15,403,205247,r
16,403,205281,r
18,403,205297,r
20,403,205314,r
21,403,205347,r
23,403,205364,r
25,403,205381,r
26,403,205397,r
28,403,205431,r
30,403,205447,r
31,403,205464,r
33,403,205481,r
35,403,205514,r
36,403,205531,r
38,403,205547,r
40,403,205581,r
41,403,205597,r
43,403,205614,r
45,403,205647,r
46,403,205664,r
48,403,205681,r
50,403,205714,r
51,403,205731,r
53,403,205747,r
55,403,205781,r
56,403,205797,r
58,403,205814,r
60,403,205847,r
61,403,205864,ur
63,403,205881,u
63,401,205914,u
63,399,205931,u
63,398,205947,u
63,396,205981,u
63,394,205997,u
63,393,206014,u
63,391,206047,u
63,389,206064,u
63,388,206081,u
63,386,206097,u
63,384,206131,u
63,383,206147,u
63,381,206164,u
63,379,206197,u
63,378,206214,u
63,376,206231,u
63,374,206264,u
63,373,206281,u
63,371,206297,u
63,369,206331,u
63,368,206347,u
63,366,206381,u
63,364,206397,u
63,363,206414,u
63,361,206447,u
63,360,206464,u
63,360,206481,u
63,360,206514,ul
63,360,206531,ul
63,360,206547,ul
63,360,206564,ul
63,360,206581,ul
63,360,206614,ul
63,360,206631,ul
63,360,206647,ul
63,360,206681,ul
63,360,206697,u
63,360,206714,u
63,360,206731,u
63,360,206764,u
63,360,206781,u
63,360,206797,u
63,360,206831,u
63,360,206847,u
63,360,206864,u
63,360,206897,u
63,360,206914,
63,360,206931,
63,360,206947,
63,360,206964,
63,360,206981,
63,360,207014,
63,360,207031,
63,360,207047,
63,360,207064,
63,360,207097,l
63,360,207114,l
61,360,207131,l
60,360,207164,l
58,360,207181,l
56,360,207197,l
55,360,207214,l
53,360,207247,l
51,360,207264,
50,360,207281,
50,360,207314,
50,360,207331,
50,360,207347,
50,360,207381,
50,360,207397,
50,360,207431,u
50,360,207447,u
50,358,207481,u
50,357,207514,u
50,355,207531,u
50,353,207547,u
50,352,207581,u
50,350,207597,u
50,348,207614,u
50,347,207647,u
50,345,207681,u
50,343,207697,u
50,342,207714,u
50,340,207747,u
50,338,207764,u
50,337,207797,u
50,335,207814,u
50,333,207847,u
50,332,207881,u
50,330,207897,u
50,328,207931,u
50,327,207947,u
50,325,207964,u
50,323,207997,u
50,322,208031,ur
50,320,208047,ur
50,318,208081,ur
50,317,208097,ur
50,315,208114,ur
50,313,208147,ur
50,312,208164,ur
50,310,208197,ur
50,308,208231,ur
50,307,208247,ur
50,305,208264,ur
50,303,208297,ur
50,302,208314,ur
50,300,208331,ur
50,298,208364,ur
50,297,208381,ur
50,295,208397,ur
50,293,208431,ur
50,292,208447,r
50,290,208481,r
51,290,208497,r
53,290,208514,r
55,290,208531,r
56,290,208564,r
56,290,208581,r
56,290,208597,r
56,290,208614,r
56,290,208647,r
56,290,208664,r
56,290,208681,r
56,290,208714,r
56,290,208731,r
56,290,208747,r
56,290,208781,r
56,290,208797,r
56,290,208814,r
56,290,208847,r
56,290,208864,r
56,290,208881,r
56,290,208897,r
56,290,208914,r
56,290,208931,r
56,290,208947,r
56,290,208964,r
56,290,208981,dr
56,290,208997,dr
56,292,209014,dr
56,293,209031,dr
56,295,209047,d
56,297,209064,d
56,298,209080,d
56,300,209097,d
56,302,209114,d
56,303,209130,d
56,305,209147,d
56,307,209164,d
56,308,209180,d
56,310,209197,
56,312,209214,
56,312,209230,
56,312,209247,r
56,312,209264,r
58,312,209280,r
59,312,209297,r
61,312,209314,r
63,312,209330,r
64,312,209347,r
66,312,209364,r
68,312,209380,r
69,312,209397,r
71,312,209414,r
73,312,209430,r
74,312,209447,r
76,312,209464,r
78,312,209480,r
79,312,209497,r
81,312,209514,r
83,312,209530,r
84,312,209547,r
86,312,209564,r
88,312,209580,r
89,312,209597,r
91,312,209614,r
93,312,209630,r
94,312,209647,r
96,312,209664,r
98,312,209697,r
99,312,209714,r
101,312,209730,r
103,312,209764,r
104,312,209780,r
106,312,209797,r
108,312,209830,r
109,312,209847,r
111,312,209864,r
113,312,209897,r
114,312,209914,ur
116,312,209930,ur
116,310,209964,ur
116,308,209980,u
116,307,209997,u
116,305,210030,u
116,303,210047,u
116,302,210064,u
116,300,210097,u
116,298,210114,u
116,297,210130,u
116,295,210164,u
116,293,210180,u
116,292,210214,u
116,290,210230,u
116,288,210264,u
116,287,210280,u
116,285,210297,u
116,283,210330,u
116,282,210347,u
116,280,210364,u
116,278,210397,u
116,277,210414,u
116,275,210430,u
116,273,210464,u
116,272,210480,u
116,270,210497,u
116,268,210530,u
116,267,210547,u
116,265,210564,u
116,263,210597,u
116,262,210614,u
116,260,210630,u
116,258,210664,u
116,257,210680,u
116,255,210697,u
116,253,210730,u
116,252,210747,u
116,250,210764,u
116,248,210797,u
116,247,210814,u
116,245,210830,u
116,243,210864,u
116,242,210880,u
116,240,210914,u
116,238,210930,u
116,237,210947,u
116,235,210980,u
116,233,210997,u
116,232,211014,u
116,230,211047,u
116,228,211064,u
116,227,211080,u
116,225,211114,u
116,223,211130,u
116,222,211164,u
116,220,211180,u
116,218,211214,u
116,217,211230,u
116,215,211264,u
116,213,211280,u
116,212,211297,u
116,210,211330,u
116,208,211347,u
116,207,211364,u
116,205,211397,u
116,203,211414,u
116,202,211430,u
116,200,211464,u
116,198,211480,u
116,197,211497,u
116,195,211530,u
116,193,211547,u
116,192,211564,u
116,190,211597,u
116,188,211614,u
116,187,211630,u
116,185,211664,u
116,183,211680,u
116,182,211697,u
116,180,211730,u
116,178,211747,u
116,177,211764,u
116,175,211797,u
116,173,211814,u
116,172,211847,ur
116,170,211864,ur
116,168,211880,ur
116,168,211914,r
116,168,211930,r
118,168,211947,r
119,168,211980,r
121,168,211997,r
123,168,212014,r
124,168,212047,r
126,168,212064,r
128,168,212097,r
129,168,212114,r
131,168,212130,r
133,168,212164,r
134,168,212180,r
136,168,212197,r
138,168,212230,r
139,168,212247,r
141,168,212264,r
143,168,212297,r
144,168,212314,r
146,168,212330,r
148,168,212364,r
149,168,212380,r
151,168,212397,r
153,168,212430,r
154,168,212447,r
156,168,212464,r
158,168,212497,r
159,168,212514,r
161,168,212530,r
163,168,212564,r
164,168,212580,r
166,168,212597,r
168,168,212630,r
169,168,212647,r
171,168,212664,r
173,168,212697,r
174,168,212714,r
176,168,212747,r
178,168,212780,r
179,168,212797,r
181,168,212814,r
183,168,212830,r
184,168,212847,ur
184,168,212864,ur
184,166,212880,u
184,165,212897,u
184,163,212930,u
184,161,212947,u
184,160,212964,u
184,158,212997,u
184,156,213014,u
184,155,213030,u
184,153,213064,u
184,151,213080,u
184,150,213097,u
184,148,213130,u
184,146,213147,u
184,145,213164,u
184,143,213197,u
184,141,213214,u
184,140,213230,u
184,138,213264,u
184,136,213280,u
184,135,213297,u
184,133,213330,u
184,131,213347,u
184,130,213364,u
184,128,213397,u
184,126,213414,u
184,125,213447,u
184,123,213464,u
184,121,213480,u
184,120,213514,u
184,118,213530,u
184,116,213547,u
184,115,213580,u
184,113,213597,u
184,111,213614,u
184,110,213647,u
184,108,213664,u
184,106,213697,u
184,105,213714,u
184,103,213730,u
184,101,213764,u
184,100,213780,u
184,98,213797,u
184,96,213830,l
184,95,213847,l
182,95,213864,l
181,95,213897,l
179,95,213914,l
177,95,213930,l
176,95,213964,l
174,95,213980,l
172,95,213997,l
171,95,214030,l
169,95,214047,l
167,95,214064,l
166,95,214097,l
164,95,214114,l
162,95,214130,l
161,95,214164,l
159,95,214180,l
157,95,214197,l
156,95,214230,l
154,95,214247,l
152,95,214264,l
151,95,214297,l
149,95,214314,l
147,95,214330,l
146,95,214364,l
144,95,214380,l
142,95,214414,l
141,95,214430,l
139,95,214447,l
137,95,214480,l
136,95,214497,l
134,95,214530,l
132,95,214547,l
131,95,214564,l
129,95,214597,l
127,95,214614,l
126,95,214630,l
124,95,214664,
122,95,214680,
122,95,214697,
122,95,214730,
122,95,214747,
122,95,214764,
122,95,214780,
122,95,214814,
122,95,214830,
122,95,214847,
122,95,214880,
122,95,214897,
122,95,214914,
122,95,214930,
122,95,214964,
122,95,214980,
122,95,214997,
122,95,215014,r
122,95,215047,r
124,95,215064,r
126,95,215080,r
127,95,215114,r
129,95,215130,r
131,95,215147,r
132,95,215180,r
134,95,215197,r
136,95,215214,r
137,95,215247,r
139,95,215264,r
141,95,215280,r
142,95,215314,r
144,95,215330,r
146,95,215347,r
147,95,215380,r
149,95,215397,r
151,95,215414,r
152,95,215447,r
154,95,215464,r
156,95,215480,r
157,95,215514,r
159,95,215530,r
161,95,215564,r
162,95,215580,r
164,95,215597,r
166,95,215630,r
167,95,215647,r
169,95,215664,r
171,95,215697,r
172,95,215714,r
174,95,215730,r
176,95,215764,r
177,95,215780,r
179,95,215797,r
181,95,215830,r
182,95,215847,r
184,95,215864,r
186,95,215897,r
187,95,215914,r
189,95,215947,r
191,95,215964,r
192,95,215980,dr
194,95,216014,dr
194,96,216047,dr
194,98,216064,dr
194,100,216080,dr
194,101,216114,d
194,103,216130,d
194,105,216147,d
194,106,216180,d
194,108,216197,d
194,110,216214,d
194,111,216247,d
194,113,216264,r
194,115,216280,r
196,115,216314,r
197,115,216330,r
199,115,216347,r
201,115,216380,r
202,115,216397,r
204,115,216414,r
206,115,216447,r
207,115,216480,r
209,115,216514,r
211,115,216530,r
212,115,216547,r
214,115,216580,r
216,115,216597,r
217,115,216614,r
219,115,216647,r
221,115,216664,r
222,115,216680,r
224,115,216714,r
226,115,216730,r
227,115,216747,r
229,115,216780,r
231,115,216797,r
232,115,216814,r
234,115,216847,r
236,115,216864,r
237,115,216880,r
239,115,216914,r
241,115,216930,r
242,115,216964,r
244,115,216980,r
246,115,216997,r
247,115,217030,r
249,115,217047,r
251,115,217080,r
252,115,217097,r
254,115,217114,r
256,115,217147,r
257,115,217164,r
259,115,217180,r
261,115,217214,r
262,115,217230,r
264,115,217247,r
266,115,217280,r
267,115,217297,r
269,115,217314,r
271,115,217347,dr
272,115,217364,dr
272,116,217380,dr
272,118,217413,dr
272,120,217430,dr
272,121,217447,dr
272,123,217480,d
272,125,217497,d
272,126,217513,d
272,128,217547,d
272,130,217563,d
272,131,217580,d
272,133,217613,d
272,135,217630,d
272,136,217647,d
272,138,217680,dr
272,140,217697,dr
272,141,217713,dr
272,143,217747,r
272,145,217763,r
274,145,217780,r
276,145,217813,r
277,145,217830,r
279,145,217847,r
281,145,217880,r
282,145,217897,r
284,145,217913,r
286,145,217947,r
287,145,217963,r
289,145,217980,r
291,145,218013,r
292,145,218030,r
294,145,218047,r
296,145,218080,r
297,145,218097,r
299,145,218113,r
301,145,218147,r
302,145,218163,r
304,145,218180,r
306,145,218213,r
307,145,218230,r
309,145,218247,r
311,145,218280,r
312,145,218297,r
314,145,218313,r
316,145,218347,r
317,145,218363,r
319,145,218380,r
321,145,218413,r
322,145,218430,r
324,145,218447,r
326,145,218480,r
327,145,218497,r
329,145,218513,ur
331,145,218547,ur
331,143,218563,ur
331,141,218580,u
331,140,218613,u
331,138,218630,u
331,136,218647,u
331,135,218680,u
331,133,218697,u
331,131,218713,u
331,130,218747,u
331,128,218763,u
331,126,218780,u
331,125,218813,u
331,123,218830,u
331,121,218847,u
331,120,218880,u
331,118,218897,u
331,116,218913,u
331,115,218947,u
331,113,218963,u
331,111,218980,u
331,110,219013,u
331,108,219030,u
331,106,219047,u
331,105,219080,u
331,103,219097,u
331,101,219130,u
331,100,219147,u
331,98,219163,u
331,96,219197,u
331,95,219213,u
331,93,219230,u
331,91,219247,u
331,90,219263,u
331,88,219280,u
331,86,219297,u
331,85,219313,u
331,83,219330,u
331,81,219347,u
331,80,219363,u
331,78,219380,u
331,76,219397,u
331,75,219413,u
331,73,219430,u
331,71,219447,u
331,70,219463,u
331,68,219480,u
331,66,219497,u
331,65,219513,u
331,63,219530,u
331,61,219547,u
331,60,219563,u
331,58,219580,u
331,56,219597,u
331,55,219630,u
331,53,219647,u
331,51,219680,u
331,50,219697,u
331,48,219713,u
331,46,219730,u
331,45,219763,u
331,43,219780,u
331,41,219797,u
331,40,219813,ur
331,38,219847,ur
331,36,219863,r
331,35,219897,r
332,35,219913,r
334,35,219947,r
336,35,219963,r
337,35,219997,r
339,35,220013,r
341,35,220047,r
342,35,220080,r
344,35,220097,r
346,35,220130,r
347,35,220147,r
349,35,220163,r
351,35,220197,r
352,35,220213,r
354,35,220230,r
356,35,220263,r
357,35,220280,r
359,35,220297,r
361,35,220330,r
362,35,220347,r
364,35,220363,r
366,35,220397,r
367,35,220430,r
369,35,220463,r
371,35,220480,r
372,35,220513,r
374,35,220530,r
376,35,220547,r
377,35,220580,r
379,35,220597,r
381,35,220613,r
382,35,220647,r
384,35,220663,r
386,35,220680,r
387,35,220713,r
389,35,220730,r
391,35,220747,r
392,35,220780,r
394,35,220797,r
396,35,220830,r
397,35,220847,r
399,35,220863,r
401,35,220897,r
402,35,220913,r
404,35,220930,r
406,35,220963,r
407,35,220980,r
409,35,220997,r
411,35,221030,r
412,35,221047,r
414,35,221063,r
416,35,221097,r
417,35,221130,r
419,35,221147,r
421,35,221180,r
422,35,221197,r
424,35,221213,r
426,35,221230,r
427,35,221247,r
429,35,221263,r
431,35,221297,r
432,35,221313,r
434,35,221330,r
436,35,221363,r
437,35,221380,r
439,35,221397,r
441,35,221430,r
442,35,221447,r
444,35,221480,r
446,35,221497,r
447,35,221530,r
449,35,221547,r
451,35,221580,r
452,35,221597,r
454,35,221613,r
456,35,221647,ur
457,35,221663,ur
457,33,221680,ur
457,31,221697,ur
457,30,221730,u
457,28,221747,u
457,26,221763,u
457,25,221780,u
457,23,221813,u
457,21,221830,
457,20,221847,u
457,20,221880,u
457,18,221897,u
457,16,221913,u
457,15,221930,u
457,13,221963,u
457,11,221980,u
457,10,221997,u
457,8,222013,u
457,8,222047,u
457,8,222063,u
457,8,222080,u
457,8,222097,u
457,8,222130,u
457,8,222147,u
457,8,222163,u
457,8,222197,u
457,8,222213,u
457,8,222230,u
457,8,222247,u
457,8,222280,u
457,8,222297,u
457,8,222330,u
457,8,222363,
457,8,222380,
457,8,222413,
457,8,222430,
457,8,222463,
457,8,222480,
457,8,222513,d
457,8,222530,d
457,10,222563,d
457,11,222580,d
457,13,222613,d
457,15,222630,d
457,16,222647,d
457,18,222680,d
457,20,222697,d
457,21,222730,d
457,23,222747,d
457,25,222780,d
457,26,222797,d
457,28,222830,d
457,30,222847,d
457,31,222880,d
457,33,222897,d
457,35,222930,d
457,36,222947,d
457,38,222980,dl
457,40,222997,dl
457,41,223030,dl
457,43,223047,l
457,45,223063,l
456,45,223097,l
454,45,223113,l
452,45,223147,l
451,45,223180,
449,45,223197,
449,45,223213,
449,45,223247,
449,45,223263,
449,45,223297,
449,45,223313,
449,45,223347,
449,45,223363,
449,45,223397,
449,45,223413,
449,45,223430,
449,45,223447,
449,45,223480,
449,45,223497,
449,45,223513,
449,45,223530,
449,45,223563,
449,45,223580,
449,45,223597,
449,45,223613,
449,45,223630,
449,45,223663,
449,45,223680,
449,45,223697,
449,45,223713,
449,45,223747,
449,45,223763,
449,45,223780,
449,45,223797,
449,45,223830,
449,45,223847,
449,45,223863,l
449,45,223880,l
447,45,223913,l
446,45,223930,l
444,45,223947,l
442,45,223980,l
441,45,223997,l
439,45,224013,l
437,45,224047,l
436,45,224063,l
434,45,224080,l
432,45,224113,l
431,45,224130,l
429,45,224147,l
427,45,224180,l
426,45,224197,l
424,45,224213,l
422,45,224247,l
421,45,224263,l
419,45,224280,l
417,45,224313,l
416,45,224330,l
414,45,224347,l
412,45,224380,l
411,45,224397,l
409,45,224413,l
407,45,224447,l
406,45,224463,l
404,45,224480,l
402,45,224513,l
401,45,224530,l
399,45,224563,l
397,45,224580,l
396,45,224597,l
394,45,224630,l
392,45,224647,l
391,45,224663,l
389,45,224697,l
387,45,224713,l
386,45,224730,l
384,45,224763,l
382,45,224780,l
381,45,224797,l
379,45,224830,l
377,45,224847,l
376,45,224863,l
374,45,224897,l
372,45,224913,l
371,45,224930,l
369,45,224963,l
367,45,224980,l
366,45,224997,l
364,45,225030,l
362,45,225047,l
361,45,225063,l
359,45,225097,l
357,45,225113,l
356,45,225130,l
354,45,225163,l
352,45,225180,l
351,45,225197,l
349,45,225230,l
347,45,225247,l
346,45,225263,l
344,45,225297,l
342,45,225313,l
341,45,225330,l
339,45,225363,dl
337,45,225380,dl
337,46,225397,dl
337,48,225430,d
337,50,225447,d
337,51,225463,d
337,53,225480,d
337,55,225513,d
337,56,225530,d
337,58,225547,d
337,60,225563,d
337,61,225597,d
337,63,225613,d
337,65,225630,d
337,66,225647,d
337,68,225680,d
337,70,225697,d
337,71,225713,d
337,73,225730,d
337,75,225763,d
337,76,225780,d
337,78,225796,d
337,80,225813,d
337,81,225846,d
337,83,225863,d
337,85,225880,d
337,86,225896,d
337,88,225930,d
337,90,225946,d
337,91,225963,d
337,93,225980,d
337,95,226013,d
337,96,226030,d
337,98,226046,d
337,100,226080,d
337,101,226096,d
337,103,226113,d
337,105,226146,d
337,106,226163,d
337,108,226180,d
337,110,226213,d
337,111,226230,d
337,113,226246,d
337,115,226280,d
337,116,226296,d
337,118,226313,d
337,120,226346,d
337,121,226363,d
337,123,226380,d
337,125,226413,d
337,126,226446,d
337,128,226480,d
337,130,226496,d
337,131,226513,d
337,133,226530,d
337,135,226546,d
337,136,226563,d
337,138,226596,dr
337,140,226613,dr
337,141,226630,dr
337,143,226663,dr
337,145,226680,dr
337,146,226696,dr
337,148,226730,r
337,150,226746,r
339,150,226763,r
341,150,226796,r
342,150,226813,r
344,150,226830,r
346,150,226863,r
347,150,226880,r
349,150,226913,r
351,150,226930,r
352,150,226963,r
354,150,226980,r
356,150,227013,r
357,150,227030,r
359,150,227046,r
361,150,227080,r
362,150,227096,r
364,150,227113,r
366,150,227146,r
367,150,227163,r
369,150,227180,r
371,150,227213,r
372,150,227230,r
374,150,227246,r
376,150,227280,r
377,150,227296,r
379,150,227313,r
381,150,227346,r
382,150,227363,r
384,150,227380,r
386,150,227413,r
387,150,227430,r
389,150,227446,r
391,150,227480,r
392,150,227496,r
394,150,227513,r
396,150,227546,r
397,150,227563,r
399,150,227580,r
401,150,227613,r
402,150,227630,r
404,150,227646,r
406,150,227680,r
407,150,227696,r
409,150,227730,r
411,150,227746,r
412,150,227763,r
414,150,227796,r
416,150,227813,r
417,150,227830,dr
419,150,227863,dr
419,151,227880,dr
419,153,227896,dr
419,155,227930,d
419,156,227946,d
419,158,227963,d
419,160,227996,d
419,161,228013,d
419,163,228030,d
419,165,228063,d
419,166,228080,d
419,168,228096,d
419,170,228130,d
419,171,228146,d
419,173,228163,d
419,175,228196,d
419,176,228213,dr
419,178,228246,dr
419,180,228263,dr
419,181,228280,dr
419,183,228313,dr
419,185,228330,dr
419,186,228346,dr
419,188,228380,dr
419,190,228396,dr
419,191,228413,dr
419,193,228446,dr
419,195,228463,d
419,196,228480,d
419,198,228513,d
419,200,228530,d
419,201,228546,d
419,203,228580,d
419,205,228596,d
419,206,228613,d
419,208,228646,d
419,210,228663,d
419,211,228680,d
419,213,228713,d
419,215,228730,d
419,216,228746,d
419,218,228780,d
419,220,228796,d
419,221,228813,d
419,223,228846,d
419,225,228863,d
419,226,228880,d
419,228,228913,d
419,230,228930,d
419,231,228946,d
419,233,228980,d
419,235,228996,d
419,236,229013,d
419,238,229046,d
419,240,229063,d
419,241,229080,d
419,243,229113,d
419,245,229130,d
419,246,229146,d
419,248,229180,d
419,250,229196,d
419,251,229213,d
419,253,229246,d
419,255,229263,d
419,256,229280,d
419,258,229313,d
419,260,229330,d
419,261,229346,d
419,263,229380,d
419,265,229396,d
419,266,229413,d
419,268,229446,d
419,270,229463,d
419,271,229496,d
419,273,229513,d
419,275,229530,d
419,276,229546,d
419,278,229563,d
419,280,229580,d
419,281,229596,d
419,283,229613,d
419,285,229630,d
419,286,229646,d
419,288,229663,d
419,290,229680,d
419,291,229696,d
419,293,229713,d
419,295,229730,d
419,296,229746,d
419,298,229763,d
419,300,229780,d
419,301,229796,d
419,303,229813,d
419,305,229830,d
419,306,229846,d
419,308,229863,d
419,310,229880,d
419,311,229896,d
419,313,229913,d
419,315,229930,d
419,316,229946,d
419,318,229963,d
419,320,229980,d
419,321,229996,d
419,323,230013,d
419,325,230030,d
419,326,230046,d
419,328,230063,d
419,330,230080,d
419,331,230096,d
419,333,230113,d
419,335,230130,d
419,336,230146,d
419,338,230163,d
419,340,230196,d
419,341,230213,d
419,343,230230,d
419,344,230263,d
419,344,230280,d
419,344,230296,d
419,344,230330,d
419,344,230346,d
419,344,230363,d
419,344,230396,dl
419,344,230413,l
419,344,230430,l
417,344,230463,l
416,344,230480,l
414,344,230496,l
412,344,230530,l
411,344,230546,l
409,344,230563,l
407,344,230596,l
406,344,230613,l
404,344,230630,l
402,344,230663,
401,344,230680,
401,344,230696,
401,344,230730,
401,344,230746,
401,344,230763,
401,344,230780,d
401,344,230813,d
401,346,230830,d
401,347,230846,d
401,349,230880,d
401,351,230896,d
401,352,230913,d
401,354,230946,d
401,356,230963,d
401,357,230980,d
401,359,231013,d
401,361,231030,d
401,362,231046,d
401,364,231080,d
401,366,231096,d
401,367,231113,d
401,369,231146,d
401,371,231163,d
401,372,231196,d
401,374,231213,d
401,376,231230,d
401,377,231263,d
401,379,231280,d
401,381,231313,d
401,382,231330,d
401,384,231346,d
401,386,231380,dr
401,387,231396,dr
401,389,231413,dr
401,391,231446,dr
401,392,231463,dr
401,394,231480,dr
401,396,231513,dr
401,397,231530,dr
401,399,231546,dr
401,401,231580,dr
401,402,231596,dr
401,404,231613,dr
401,406,231646,dr
401,407,231663,r
401,409,231680,r
402,409,231713,r
404,409,231730,r
406,409,231763,r
407,409,231780,r
408,409,231796,r
408,409,231830,r
408,409,231846,r
408,409,231863,r
408,409,231880,r
408,409,231913,r
408,409,231930,r
408,409,231946,r
408,409,231963,r
408,409,231996,r
408,409,232013,r
408,409,232030,r
408,409,232046,r
408,409,232080,r
408,409,232096,r
408,409,232113,r
408,409,232130,r
408,409,232163,r
408,409,232180,r
408,409,232196,r
408,409,232213,r
408,409,232246,r
408,409,232263,r
408,409,232280,
408,409,232313,
408,409,232330,u
408,409,232346,u
408,407,232380,u
408,406,232396,u
408,404,232413,u
408,402,232446,u
408,401,232463,u
408,399,232480,
408,397,232513,r
408,397,232530,r
410,397,232546,r
411,397,232580,r
413,397,232596,r
415,397,232613,r
416,397,232646,r
418,397,232663,r
420,397,232680,r
421,397,232713,r
423,397,232730,r
425,397,232746,r
426,397,232780,r
428,397,232796,r
430,397,232813,r
431,397,232846,r
433,397,232863,r
435,397,232880,r
436,397,232913,r
438,397,232930,r
440,397,232946,r
441,397,232980,r
443,397,232996,r
445,397,233013,r
446,397,233046,r
448,397,233063,r
450,397,233080,r
451,397,233113,r
453,397,233130,r
455,397,233163,r
456,397,233180,r
458,397,233196,r
460,397,233230,r
461,397,233246,r
463,397,233263,r
465,397,233296,r
466,397,233313,r
468,397,233330,r
470,397,233363,r
471,397,233380,r
473,397,233396,r
475,397,233430,r
476,397,233463,r
478,397,233496,r
480,397,233530,r
481,397,233546,r
483,397,233563,r
485,397,233596,r
486,397,233613,r
488,397,233630,r
490,397,233663,r
491,397,233680,r
493,397,233696,r
495,397,233730,r
496,397,233746,r
498,397,233763,r
500,397,233796,r
501,397,233813,r
503,397,233830,r
505,397,233846,r
506,397,233863,r
508,397,233880,r
510,397,233896,r
511,397,233913,r
513,397,233930,r
515,397,233946,r
516,397,233963,r
518,397,233980,r
520,397,233996,r
521,397,234013,r
523,397,234030,r
525,397,234046,r
526,397,234063,r
528,397,234079,r
530,397,234096,r
531,397,234113,r
533,397,234129,r
535,397,234146,r
536,397,234163,r
538,397,234179,r
540,397,234196,r
541,397,234213,r
543,397,234229,r
545,397,234246,r
546,397,234263,r
548,397,234279,r
550,397,234296,r
551,397,234313,r
553,397,234329,r
555,397,234346,r
556,397,234363,r
558,397,234379,r
560,397,234396,r
561,397,234413,r
563,397,234429,r
565,397,234446,r
566,397,234479,r
568,397,234496,r
570,397,234513,r
571,397,234529,r
573,397,234563,r
575,397,234579,r
576,397,234596,dr
578,397,234613,d
578,399,234646,d
578,401,234663,d
578,402,234679,d
578,404,234713,d
578,406,234729,d
578,407,234746,d
578,408,234779,d
578,408,234796,d
578,408,234813,dl
578,408,234846,l
578,408,234863,l
576,408,234879,l
575,408,234913,l
573,408,234929,l
571,408,234946,l
570,408,234963,l
568,408,234996,l
566,408,235013,l
565,408,235029,l
563,408,235046,l
561,408,235079,l
560,408,235096,l
558,408,235113,l
556,408,235129,l
555,408,235163,
553,408,235179,
553,408,235196,
553,408,235213,d
553,408,235246,d
553,410,235263,d
553,411,235279,d
553,413,235313,d
553,415,235329,d
553,416,235346,d
553,418,235379,d
553,420,235396,d
553,421,235413,d
553,423,235446,d
553,425,235463,d
553,426,235479,d
553,428,235513,d
553,430,235529,d
553,431,235546,d
553,433,235579,d
553,435,235596,d
553,436,235613,dr
553,438,235646,dr
553,440,235663,dr
553,441,235679,dr
553,443,235713,dr
553,445,235729,dr
553,446,235746,dr
553,448,235779,d
553,450,235796,d
553,451,235813,d
553,453,235846,d
553,455,235863,d
553,456,235879,
553,458,235913,
553,458,235929,
553,458,235963,
553,458,235979,
553,458,235996,
553,458,236013,
553,458,236046,
553,458,236063,
553,458,236079,
553,458,236096,
553,458,236129,
553,458,236146,u
553,458,236163,u
553,456,236196,u
553,455,236213,u
553,453,236229,u
553,451,236263,u
553,450,236279,u
553,448,236296,u
553,446,236329,u
553,445,236346,u
553,443,236363,u
553,441,236396,u
553,440,236413,u
553,438,236429,u
553,436,236463,u
553,435,236479,u
553,433,236496,u
553,431,236529,u
553,430,236546,u
553,428,236563,u
553,426,236596,u
553,425,236613,
553,423,236629,
553,423,236663,
553,423,236679,
553,423,236696,
553,423,236713,l
553,423,236746,l
551,423,236763,l
550,423,236779,l
548,423,236813,l
546,423,236829,l
545,423,236846,l
543,423,236863,l
541,423,236896,l
540,423,236913,l
538,423,236929,l
536,423,236963,l
535,423,236979,l
533,423,237013,l
531,423,237029,l
530,423,237046,l
528,423,237079,l
526,423,237096,l
525,423,237113,l
523,423,237146,l
521,423,237163,l
520,423,237179,l
518,423,237213,l
516,423,237229,l
515,423,237246,l
513,423,237279,l
511,423,237296,l
510,423,237313,l
508,423,237346,l
506,423,237363,l
505,423,237379,l
503,423,237413,l
501,423,237429,l
500,423,237446,l
498,423,237479,l
496,423,237496,l
495,423,237513,dl
493,423,237546,d
493,425,237563,d
493,426,237579,d
493,428,237613,d
493,430,237629,d
493,431,237646,d
493,433,237679,d
493,435,237696,d
493,436,237729,d
493,438,237746,d
493,440,237763,d
493,441,237796,d
493,443,237813,d
493,445,237829,d
493,446,237863,d
493,448,237879,d
493,450,237929,d
493,451,237963,d
493,453,237979,d
493,455,237996,d
493,456,238029,d
493,458,238046,d
493,460,238079,d
493,461,238096,d
493,463,238113,d
493,465,238146,d
493,466,238163,d
493,468,238179,d
493,470,238213,d
493,471,238229,d
493,473,238246,d
493,475,238279,d
493,476,238296,d
493,478,238313,d
493,480,238346,d
493,481,238363,d
493,483,238379,d
493,485,238413,d
493,486,238429,d
493,488,238446,d
493,490,238479,d
493,491,238496,d
493,493,238513,d
493,495,238546,d
493,496,238563,d
493,498,238579,d
493,500,238613,d
493,501,238629,
493,503,238646,l
493,503,238679,l
491,503,238696,l
490,503,238713,l
488,503,238746,l
486,503,238763,l
485,503,238779,l
483,503,238813,l
481,503,238829,l
480,503,238863,l
478,503,238879,l
476,503,238896,l
475,503,238929,l
473,503,238946,l
471,503,238963,l
470,503,238996,l
468,503,239013,l
466,503,239029,l
465,503,239063,l
463,503,239079,l
461,503,239096,l
460,503,239129,l
458,503,239146,l
456,503,239163,l
455,503,239196,l
453,503,239213,l
451,503,239229,l
450,503,239263,l
448,503,239279,l
446,503,239296,l
445,503,239329,l
443,503,239346,l
441,503,239363,l
440,503,239396,l
438,503,239413,l
436,503,239429,l
435,503,239463,l
433,503,239479,l
431,503,239496,l
430,503,239529,l
428,503,239546,l
426,503,239563,l
425,503,239596,l
423,503,239613,l
421,503,239646,l
420,503,239663,l
418,503,239696,l
416,503,239713,l
415,503,239729,l
413,503,239763,l
411,503,239779,l
410,503,239796,l
408,503,239813,l
406,503,239829,l
405,503,239846,l
403,503,239863,l
401,503,239879,l
400,503,239896,l
398,503,239913,l
396,503,239929,l
395,503,239946,l
393,503,239963,l
392,503,239979,l
392,503,239996,l
392,503,240013,l
392,503,240029,l
392,503,240046,l
392,503,240063,l
392,503,240079,l
392,503,240096,l
392,503,240113,l
392,503,240129,l
392,503,240146,l
392,503,240163,l
392,503,240179,l
392,503,240196,l
392,503,240213,d
392,503,240246,d
392,505,240263,d
392,506,240296,d
392,508,240313,d
392,510,240329,d
392,511,240363,d
392,513,240379,d
392,515,240396,d
392,516,240429,d
392,518,240446,d
392,520,240463,d
392,521,240496,d
392,523,240513,d
392,525,240529,d
392,526,240563,d
392,528,240579,d
392,530,240596,d
392,531,240629,d
392,533,240646,d
392,535,240663,d
392,536,240696,d
392,538,240713,d
392,540,240729,d
392,541,240763,d
392,543,240779,d
392,545,240796,d
392,546,240813,d
392,548,240846,d
392,550,240863,d
392,551,240879,d
392,553,240896,d
392,555,240929,d
392,556,240946,d
392,558,240963,d
392,560,240979,d
392,561,240996,d
392,563,241013,d
392,565,241029,d
392,566,241046,d
392,568,241063,d
392,570,241079,d
392,571,241113,d
392,573,241129,d
392,575,241146,d
