310,287,16189,
310,287,16239,
310,287,16255,
310,287,16272,
310,287,16289,
310,287,16305,
310,287,16322,
310,287,16339,
310,287,16356,
310,287,16372,
310,287,16389,
310,287,16406,
310,287,16422,
310,287,16439,
310,287,16456,
310,287,16472,
310,287,16489,
310,287,16506,
310,287,16522,
310,287,16539,
310,287,16556,
310,287,16572,
310,287,16589,
310,287,16606,
310,287,16622,
310,287,16639,
310,287,16656,
310,287,16672,
310,287,16689,
310,287,16706,
310,287,16722,
310,287,16739,
310,287,16756,
310,287,16773,
310,287,16789,
310,287,16806,
310,287,16823,
310,287,16839,
310,287,16856,
310,287,16873,
310,287,16889,
310,287,16906,
310,287,16923,
310,287,16939,
310,287,16956,
310,287,16973,
310,287,16989,
310,287,17006,
310,287,17023,
310,287,17039,
310,287,17056,
310,287,17073,
310,287,17089,
310,287,17106,
310,287,17123,
310,287,17139,
310,287,17156,
310,287,17173,
310,287,17190,
310,287,17206,
310,287,17223,
310,287,17240,U
310,287,17256,U
310,285,17273,U
310,284,17290,U
310,282,17306,U
310,280,17323,U
310,279,17340,U
310,277,17356,U
310,275,17373,U
310,274,17390,U
310,272,17406,U
310,270,17423,U
310,269,17440,U
310,267,17456,U
310,265,17473,U
310,264,17490,U
310,262,17506,U
310,260,17523,U
310,259,17540,UR
310,257,17556,UR
310,255,17573,UR
310,254,17590,R
310,252,17607,R
311,252,17623,R
312,252,17640,R
312,252,17657,R
313,252,17673,R
314,252,17690,R
315,252,17707,R
316,252,17723,R
317,252,17740,R
317,252,17757,R
318,252,17773,R
319,252,17790,R
320,252,17807,UR
321,252,17823,UR
321,250,17840,UR
321,249,17857,UR
321,247,17873,UR
321,245,17890,U
321,244,17907,U
321,242,17923,U
321,240,17940,UL
321,239,17957,UL
321,237,17974,UL
321,235,17990,UL
321,234,18007,UL
321,232,18024,L
321,232,18040,L
320,232,18057,L
319,232,18074,L
318,232,18090,L
317,232,18107,L
317,232,18124,L
316,232,18140,L
315,232,18157,L
314,232,18174,L
313,232,18190,L
312,232,18207,L
312,232,18224,L
311,232,18240,L
310,232,18257,L
309,232,18274,L
308,232,18291,L
308,232,18307,L
307,232,18324,L
306,232,18341,L
305,232,18357,L
304,232,18374,L
303,232,18391,L
303,232,18407,L
302,232,18424,L
301,232,18441,L
300,232,18457,L
299,232,18474,L
298,232,18491,L
298,232,18507,L
297,232,18524,L
296,232,18541,L
295,232,18557,L
294,232,18574,L
293,232,18591,L
293,232,18607,L
292,232,18624,L
291,232,18641,L
290,232,18657,DL
289,232,18674,DL
289,233,18691,D
289,234,18708,D
289,235,18724,D
289,235,18741,D
289,236,18758,D
289,237,18774,D
289,238,18791,D
289,239,18808,D
289,240,18824,D
289,240,18841,D
289,241,18858,D
289,242,18874,D
289,243,18891,D
289,244,18908,D
289,245,18924,D
289,245,18941,D
289,246,18958,D
289,247,18974,D
289,248,18991,D
289,249,19008,D
289,250,19024,D
289,250,19041,D
289,251,19058,D
289,252,19074,DR
289,253,19091,R
289,254,19108,R
290,254,19125,R
291,254,19141,R
292,254,19158,R
293,254,19175,R
293,254,19191,R
294,254,19208,UR
295,254,19225,UR
295,252,19241,U
295,250,19258,U
295,249,19275,U
295,247,19291,U
295,245,19308,U
295,244,19325,U
295,242,19341,U
295,240,19358,U
295,239,19375,U
295,237,19391,U
295,235,19408,U
295,234,19425,U
295,232,19441,U
295,232,19458,U
295,232,19475,U
295,232,19491,U
295,232,19508,U
295,232,19525,U
295,232,19542,U
295,232,19558,UR
295,232,19575,UR
295,232,19592,UR
295,232,19608,UR
295,232,19625,UR
295,232,19642,UR
295,232,19658,UR
295,232,19675,UR
295,232,19692,U
295,232,19708,U
295,232,19725,U
295,232,19742,U
295,232,19758,U
295,232,19775,U
295,232,19792,U
295,232,19808,U
295,232,19825,U
295,232,19842,U
295,232,19858,U
295,232,19875,U
295,232,19892,U
295,232,19908,U
295,232,19925,U
295,232,19942,U
295,232,19959,U
295,232,19975,U
295,232,19992,U
295,232,20009,
295,232,20025,
295,232,20042,
295,232,20059,
295,232,20075,
295,232,20092,R
295,232,20109,R
296,232,20125,R
297,232,20142,R
298,232,20159,R
298,232,20175,R
299,232,20192,R
300,232,20209,R
301,232,20225,R
302,232,20242,
303,232,20259,
303,232,20275,
303,232,20292,
303,232,20309,
303,232,20325,U
303,232,20342,U
303,230,20359,U
303,229,20376,U
303,227,20392,U
303,225,20409,U
303,224,20426,U
303,222,20442,U
303,220,20459,U
303,219,20476,U
303,217,20492,U
303,215,20509,U
303,214,20526,U
303,212,20542,U
303,210,20559,U
303,209,20576,U
303,207,20592,U
303,205,20609,U
303,204,20626,U
303,202,20642,U
303,200,20659,U
303,199,20676,U
303,197,20692,U
303,195,20709,U
303,194,20726,U
303,192,20742,U
303,190,20759,U
303,189,20776,U
303,187,20793,U
303,185,20809,U
303,184,20826,U
303,182,20843,U
303,180,20859,U
303,179,20876,U
303,177,20893,U
303,175,20909,U
303,174,20926,U
303,172,20943,UL
303,170,20959,UL
303,169,20976,UL
303,167,20993,UL
303,165,21009,UL
303,164,21026,L
303,162,21043,L
302,162,21059,L
301,162,21076,L
300,162,21093,L
299,162,21109,L
298,162,21126,L
298,162,21143,L
297,162,21159,L
296,162,21176,UL
295,162,21193,UL
295,160,21210,U
295,159,21226,U
295,157,21243,U
295,155,21260,U
295,154,21276,U
295,152,21293,U
295,150,21310,U
295,149,21326,U
295,147,21343,U
295,145,21360,U
295,144,21376,U
295,142,21393,U
295,140,21410,U
295,139,21426,U
295,137,21443,UL
295,136,21460,UL
295,136,21476,L
295,136,21493,L
294,136,21510,L
293,136,21526,L
293,136,21543,L
292,136,21560,L
291,136,21576,L
290,136,21593,L
289,136,21610,L
288,136,21627,L
288,136,21643,L
287,136,21660,L
286,136,21677,L
285,136,21693,L
284,136,21710,L
283,136,21727,L
283,136,21743,L
282,136,21760,L
281,136,21777,L
280,136,21793,L
279,136,21810,L
278,136,21827,L
278,136,21843,L
277,136,21860,L
276,136,21877,L
275,136,21893,L
274,136,21910,L
273,136,21927,L
273,136,21943,L
272,136,21960,L
271,136,21977,L
270,136,21993,L
269,136,22010,L
268,136,22027,L
268,136,22044,L
267,136,22060,L
266,136,22077,L
265,136,22094,L
264,136,22110,L
263,136,22127,L
263,136,22144,L
262,136,22160,L
261,136,22177,L
260,136,22194,UL
259,136,22210,UL
259,134,22227,UL
259,133,22244,U
259,131,22260,U
259,129,22277,U
259,128,22294,U
259,126,22310,U
259,124,22327,U
259,123,22344,U
259,121,22360,U
259,119,22377,U
259,118,22394,U
259,116,22410,U
259,114,22427,U
259,113,22444,U
259,111,22461,UL
259,109,22477,UL
259,108,22494,L
259,106,22511,L
258,106,22527,L
258,106,22544,L
257,106,22561,L
256,106,22577,L
255,106,22594,L
254,106,22611,L
253,106,22627,L
253,106,22644,L
252,106,22661,L
251,106,22677,L
250,106,22694,L
249,106,22711,L
248,106,22727,L
248,106,22744,L
247,106,22761,L
246,106,22777,L
245,106,22794,L
244,106,22811,L
243,106,22827,L
243,106,22844,L
242,106,22861,L
241,106,22878,L
240,106,22894,L
239,106,22911,L
238,106,22928,L
238,106,22944,L
237,106,22961,L
236,106,22978,L
235,106,22994,L
234,106,23011,L
233,106,23028,L
233,106,23044,L
232,106,23061,L
231,106,23078,L
230,106,23094,L
229,106,23111,L
228,106,23128,L
228,106,23144,L
227,106,23161,L
226,106,23178,L
225,106,23194,L
224,106,23211,L
223,106,23228,L
223,106,23244,L
222,106,23261,L
221,106,23278,L
220,106,23295,L
219,106,23311,L
218,106,23328,L
218,106,23345,L
217,106,23361,L
216,106,23378,L
215,106,23395,L
214,106,23411,L
213,106,23428,L
213,106,23445,L
212,106,23461,L
211,106,23478,L
210,106,23495,L
209,106,23511,L
208,106,23528,L
208,106,23545,UL
207,106,23561,UL
207,104,23578,UL
207,103,23595,U
207,101,23611,U
207,99,23628,U
207,98,23645,U
207,96,23661,U
207,94,23678,U
207,93,23695,U
207,91,23712,U
207,89,23728,U
207,88,23745,U
207,86,23762,U
207,84,23778,U
207,83,23795,U
207,81,23812,U
207,79,23828,U
207,78,23845,U
207,76,23862,U
207,74,23878,U
207,73,23895,U
207,71,23912,U
207,69,23928,U
207,68,23945,U
207,66,23962,U
207,64,23978,UL
207,63,23995,UL
207,61,24012,L
207,59,24028,L
206,59,24045,L
205,59,24062,L
204,59,24078,L
203,59,24095,L
203,59,24112,L
202,59,24129,L
201,59,24145,L
200,59,24162,L
199,59,24179,L
198,59,24195,L
198,59,24212,L
197,59,24229,L
196,59,24245,L
195,59,24262,L
194,59,24279,L
193,59,24295,L
193,59,24312,L
192,59,24329,L
191,59,24345,L
190,59,24362,L
189,59,24379,L
188,59,24395,L
187,59,24412,L
187,59,24429,L
186,59,24445,L
185,59,24462,L
184,59,24479,L
183,59,24495,L
182,59,24512,L
182,59,24529,L
181,59,24546,L
180,59,24562,L
179,59,24579,L
178,59,24596,L
177,59,24612,L
177,59,24629,L
176,59,24646,L
175,59,24662,L
174,59,24679,L
173,59,24696,L
172,59,24712,L
172,59,24729,L
171,59,24746,L
170,59,24762,L
169,59,24779,L
168,59,24796,L
167,59,24812,L
167,59,24829,L
166,59,24846,L
165,59,24862,L
164,59,24879,L
163,59,24896,L
162,59,24912,L
162,59,24929,L
161,59,24946,L
160,59,24963,L
159,59,24979,L
158,59,24996,L
157,59,25013,L
157,59,25029,L
156,59,25046,L
155,59,25063,L
154,59,25079,L
153,59,25096,L
152,59,25113,L
152,59,25129,L
151,59,25146,L
150,59,25163,L
149,59,25179,L
148,59,25196,L
147,59,25213,L
147,59,25229,L
146,59,25246,L
145,59,25263,L
144,59,25279,L
143,59,25296,L
142,59,25313,L
142,59,25329,L
141,59,25346,L
140,59,25363,L
139,59,25380,L
138,59,25396,L
137,59,25413,L
137,59,25430,L
136,59,25446,L
135,59,25463,L
134,59,25480,L
133,59,25496,L
132,59,25513,L
132,59,25530,L
131,59,25546,L
130,59,25563,L
129,59,25580,L
128,59,25596,L
127,59,25613,L
127,59,25630,L
126,59,25646,L
125,59,25663,L
124,59,25680,L
123,59,25696,L
122,59,25713,L
122,59,25730,L
121,59,25746,L
120,59,25763,L
119,59,25780,L
118,59,25797,L
117,59,25813,L
117,59,25830,L
116,59,25847,L
115,59,25863,L
114,59,25880,L
113,59,25897,L
112,59,25913,L
112,59,25930,L
111,59,25947,L
110,59,25963,L
109,59,25980,L
108,59,25997,L
107,59,26013,L
107,59,26030,L
106,59,26047,L
105,59,26063,L
104,59,26080,L
103,59,26097,L
102,59,26113,L
102,59,26130,L
101,59,26147,L
100,59,26163,L
99,59,26180,L
98,59,26197,L
97,59,26214,L
97,59,26230,L
96,59,26247,L
95,59,26264,L
94,59,26280,L
93,59,26297,L
92,59,26314,L
92,59,26330,L
91,59,26347,L
90,59,26364,L
89,59,26380,L
88,59,26397,L
87,59,26414,L
87,59,26430,L
86,59,26447,L
85,59,26464,L
84,59,26480,L
83,59,26497,L
82,59,26514,DL
82,59,26530,DL
82,60,26547,DL
82,61,26564,DL
82,62,26580,D
82,63,26597,D
82,63,26614,D
82,64,26631,D
82,65,26647,D
82,66,26664,D
82,67,26681,D
82,68,26697,D
82,68,26714,D
82,69,26731,DR
82,70,26747,DR
82,71,26764,DR
82,72,26781,R
82,73,26797,R
82,73,26814,R
83,73,26831,R
84,73,26847,R
85,73,26864,R
86,73,26881,R
87,73,26897,R
87,73,26914,R
88,73,26931,R
89,73,26947,R
90,73,26964,R
91,73,26981,R
92,73,26997,R
92,73,27014,R
93,73,27031,R
94,73,27048,R
95,73,27064,R
96,73,27081,R
97,73,27098,R
97,73,27114,R
98,73,27131,R
99,73,27148,R
100,73,27164,R
101,73,27181,R
102,73,27198,R
102,73,27214,R
103,73,27231,R
104,73,27248,R
105,73,27264,R
106,73,27281,R
107,73,27298,R
107,73,27314,R
108,73,27331,R
109,73,27348,R
110,73,27364,R
111,73,27381,R
112,73,27398,R
112,73,27414,R
113,73,27431,R
114,73,27448,R
115,73,27465,R
116,73,27481,R
117,73,27498,R
117,73,27515,R
118,73,27531,R
119,73,27548,R
120,73,27565,R
121,73,27581,R
122,73,27598,R
122,73,27615,R
123,73,27631,R
124,73,27648,R
125,73,27665,R
126,73,27681,R
127,73,27698,R
127,73,27715,R
128,73,27731,R
129,73,27748,R
130,73,27765,R
131,73,27781,R
132,73,27798,R
132,73,27815,R
133,73,27831,R
134,73,27848,R
135,73,27865,R
136,73,27882,R
137,73,27898,R
137,73,27915,R
138,73,27932,R
139,73,27948,R
140,73,27965,R
141,73,27982,R
142,73,27998,R
142,73,28015,R
143,73,28032,R
144,73,28048,R
145,73,28065,R
146,73,28082,R
147,73,28098,R
147,73,28115,R
148,73,28132,R
149,73,28148,R
150,73,28165,R
151,73,28182,R
152,73,28198,R
152,73,28215,R
153,73,28232,R
154,73,28249,R
155,73,28265,R
156,73,28282,R
157,73,28299,R
157,73,28315,R
158,73,28332,R
159,73,28349,R
160,73,28365,R
161,73,28382,R
162,73,28399,R
162,73,28415,R
163,73,28432,R
164,73,28449,R
165,73,28465,R
166,73,28482,R
167,73,28499,R
167,73,28515,R
168,73,28532,DR
169,73,28549,DR
169,73,28565,DR
169,74,28582,DR
169,75,28599,DR
169,76,28615,D
169,77,28632,D
169,78,28649,D
169,78,28666,D
169,79,28682,D
169,80,28699,D
169,81,28716,D
169,82,28732,D
169,83,28749,D
169,83,28766,D
169,84,28782,D
169,85,28799,D
169,86,28816,D
169,87,28832,D
169,88,28849,D
169,88,28866,D
169,89,28882,D
169,90,28899,D
169,91,28916,D
169,92,28932,D
169,93,28949,D
169,93,28966,D
169,94,28982,D
169,95,28999,DR
169,96,29016,DR
169,97,29032,DR
169,98,29049,DR
169,98,29066,DR
169,99,29083,DR
169,100,29099,DR
169,101,29116,DR
169,102,29133,R
169,103,29149,R
170,103,29166,R
171,103,29183,R
172,103,29199,R
172,103,29216,R
173,103,29233,R
174,103,29249,R
175,103,29266,R
176,103,29283,R
177,103,29299,R
177,103,29316,R
178,103,29333,R
179,103,29349,R
180,103,29366,R
181,103,29383,R
182,103,29399,R
182,103,29416,R
183,103,29433,R
184,103,29449,R
185,103,29466,R
186,103,29483,R
187,103,29500,R
188,103,29516,R
188,103,29533,R
189,103,29550,R
190,103,29566,R
191,103,29583,R
192,103,29600,R
193,103,29616,R
193,103,29633,R
194,103,29650,R
195,103,29666,R
196,103,29683,R
197,103,29700,R
198,103,29716,R
198,103,29733,R
199,103,29750,R
200,103,29766,R
201,103,29783,R
202,103,29800,R
203,103,29816,R
203,103,29833,R
204,103,29850,R
205,103,29866,R
206,103,29883,R
207,103,29900,R
208,103,29917,R
208,103,29933,R
209,103,29950,R
210,103,29967,R
211,103,29983,R
212,103,30000,R
213,103,30017,R
213,103,30033,R
214,103,30050,R
215,103,30067,R
216,103,30083,R
216,103,30100,R
216,103,30117,R
216,103,30133,R
216,103,30150,R
216,103,30167,R
216,103,30183,R
216,103,30200,R
216,103,30217,R
216,103,30233,R
216,103,30250,R
216,103,30267,R
216,103,30283,R
216,103,30300,R
216,103,30317,R
216,103,30334,R
216,103,30350,R
216,103,30367,R
216,103,30384,R
216,103,30400,R
216,103,30417,R
216,103,30434,R
216,103,30450,R
216,103,30467,R
216,103,30484,DR
216,103,30500,DR
216,103,30517,DR
216,104,30534,DR
216,105,30550,DR
216,106,30567,DR
216,107,30584,DR
216,108,30600,DR
216,108,30617,D
216,109,30634,D
216,110,30650,D
216,111,30667,D
216,112,30684,D
216,113,30700,D
216,113,30717,D
216,114,30734,D
216,115,30751,R
216,116,30767,R
217,116,30784,R
218,116,30801,R
219,116,30817,R
219,116,30834,R
220,116,30851,R
221,116,30867,R
222,116,30884,R
223,116,30901,R
224,116,30917,R
224,116,30934,R
225,116,30951,R
226,116,30967,R
227,116,30984,R
228,116,31001,R
229,116,31017,R
229,116,31034,R
230,116,31051,R
231,116,31067,R
232,116,31084,R
233,116,31101,R
234,116,31117,R
234,116,31134,R
235,116,31151,R
236,116,31168,R
237,116,31184,R
238,116,31201,R
239,116,31218,R
239,116,31234,R
240,116,31251,R
241,116,31268,R
242,116,31284,R
243,116,31301,R
244,116,31318,R
244,116,31334,R
245,116,31351,R
246,116,31368,R
247,116,31384,R
248,116,31401,R
249,116,31418,R
249,116,31434,R
250,116,31451,R
251,116,31468,R
252,116,31484,R
253,116,31501,R
254,116,31518,R
254,116,31534,R
255,116,31551,R
256,116,31568,R
257,116,31585,R
258,116,31601,R
259,116,31618,R
259,116,31635,R
260,116,31651,R
261,116,31668,R
262,116,31685,R
263,116,31701,R
264,116,31718,R
264,116,31735,R
265,116,31751,R
266,116,31768,R
267,116,31785,DR
268,116,31801,DR
268,117,31818,DR
268,118,31835,DR
268,118,31851,DR
268,119,31868,D
268,120,31885,D
268,121,31901,D
268,122,31918,D
268,123,31935,D
268,123,31951,D
268,124,31968,D
268,125,31985,D
268,126,32002,D
268,127,32018,D
268,128,32035,D
268,128,32052,D
268,129,32068,D
268,130,32085,D
268,131,32102,D
268,132,32118,D
268,133,32135,D
268,133,32152,D
268,134,32168,D
268,135,32185,D
268,136,32202,D
268,137,32218,D
268,138,32235,D
268,138,32252,D
268,139,32268,D
268,140,32285,D
268,141,32302,D
268,142,32318,D
268,143,32335,D
268,143,32352,D
268,144,32368,DR
268,145,32385,DR
268,146,32402,DR
268,147,32419,DR
268,148,32435,DR
268,148,32452,DR
268,149,32469,DR
268,150,32485,DR
268,151,32502,DR
268,152,32519,D
268,153,32535,D
268,153,32552,D
268,154,32569,D
268,155,32585,D
268,156,32602,D
268,157,32619,D
268,158,32635,D
268,158,32652,D
268,159,32669,D
268,160,32685,DR
268,161,32702,DR
268,162,32719,DR
268,163,32735,DR
268,163,32752,DR
268,164,32769,DR
268,165,32785,DR
268,166,32802,DR
268,167,32819,DR
268,168,32836,DR
268,168,32852,DR
268,169,32869,R
268,170,32886,R
269,170,32902,R
269,170,32919,R
270,170,32936,R
271,170,32952,R
272,170,32969,R
273,170,32986,R
274,170,33002,R
274,170,33019,R
275,170,33036,R
276,170,33052,R
277,170,33069,R
278,170,33086,R
279,170,33102,R
279,170,33119,R
280,170,33136,R
281,170,33152,R
282,170,33169,R
283,170,33186,R
284,170,33202,R
284,170,33219,R
285,170,33236,R
286,170,33253,R
287,170,33269,DR
288,170,33286,DR
288,171,33303,DR
288,172,33319,DR
288,173,33336,D
288,173,33353,D
288,174,33369,D
288,175,33386,D
288,176,33403,D
288,177,33419,D
288,178,33436,D
288,178,33453,D
288,179,33469,D
288,180,33486,D
288,181,33503,D
288,182,33519,DR
288,183,33536,DR
288,183,33553,DR
288,184,33569,R
288,184,33586,R
289,184,33603,R
289,184,33619,R
290,184,33636,R
291,184,33653,R
292,184,33670,R
293,184,33686,R
294,184,33703,R
294,184,33720,R
295,184,33736,R
296,184,33753,R
297,184,33770,R
298,184,33786,DR
299,184,33803,DR
299,185,33820,DR
299,186,33836,DR
299,187,33853,DR
299,187,33870,DR
299,188,33886,DR
299,189,33903,D
299,190,33920,D
299,191,33936,D
299,192,33953,D
299,192,33970,D
299,193,33986,D
299,194,34003,D
299,195,34020,D
299,196,34036,D
299,197,34053,D
299,197,34070,D
299,198,34087,D
299,199,34103,D
299,200,34120,D
299,201,34137,D
299,202,34153,D
299,202,34170,D
299,203,34187,D
299,204,34203,D
299,205,34220,D
299,206,34237,D
299,207,34253,D
299,207,34270,D
299,208,34287,D
299,209,34303,D
299,210,34320,D
299,211,34337,D
299,212,34353,D
299,212,34370,D
299,213,34387,D
299,214,34403,D
299,215,34420,D
299,216,34437,D
299,217,34453,D
299,217,34470,D
299,218,34487,D
299,219,34504,D
299,220,34520,D
299,221,34537,D
299,222,34554,D
299,222,34570,D
299,223,34587,D
299,224,34604,D
299,225,34620,D
299,226,34637,D
299,227,34654,D
299,227,34670,D
299,228,34687,D
299,229,34704,D
299,230,34720,DR
299,231,34737,DR
299,232,34754,DR
299,232,34770,DR
299,233,34787,DR
299,234,34804,DR
299,235,34820,R
299,236,34837,R
299,236,34854,R
300,236,34870,R
301,236,34887,R
302,236,34904,R
303,236,34921,R
303,236,34937,DR
304,236,34954,DR
304,237,34971,DR
304,237,34987,DR
304,238,35004,D
304,239,35021,D
304,240,35037,D
304,241,35054,D
304,242,35071,D
304,242,35087,D
304,243,35104,D
304,244,35121,D
304,245,35137,DL
304,246,35154,DL
304,247,35171,DL
304,247,35187,DL
304,248,35204,DL
304,249,35221,DL
304,250,35237,DL
304,251,35254,DL
304,252,35271,DL
304,252,35287,DL
304,253,35304,DL
304,254,35321,DL
304,255,35338,DL
304,256,35354,D
304,257,35371,D
304,257,35388,D
304,258,35404,D
304,259,35421,D
304,260,35438,D
304,261,35454,D
304,262,35471,D
304,262,35488,DR
304,263,35504,DR
304,264,35521,DR
304,265,35538,DR
304,266,35554,DR
304,267,35571,D
304,267,35588,D
304,268,35604,D
304,269,35621,D
304,270,35638,D
304,271,35654,D
304,272,35671,D
304,272,35688,D
304,273,35704,D
304,274,35721,D
304,275,35738,D
304,276,35755,D
304,277,35771,DL
304,277,35788,DL
304,278,35805,DL
304,279,35821,DL
304,280,35838,DL
304,281,35855,DL
304,282,35871,DL
304,282,35888,DL
304,283,35905,DL
304,284,35921,DL
304,285,35938,DL
304,286,35955,DL
304,287,35971,DL
304,287,35988,DL
304,288,36005,DL
304,289,36021,D
304,290,36038,D
304,291,36055,D
304,292,36071,DR
304,292,36088,DR
304,293,36105,DR
304,294,36121,DR
304,295,36138,DR
304,296,36155,DR
304,297,36172,DR
304,297,36188,DR
304,298,36205,DR
304,299,36222,DR
304,300,36238,DR
304,301,36255,DR
304,302,36272,DR
304,302,36288,R
304,303,36305,R
305,303,36322,R
306,303,36338,R
307,303,36355,R
308,303,36372,R
308,303,36388,R
309,303,36405,R
310,303,36422,R
311,303,36438,R
312,303,36455,R
313,303,36472,R
313,303,36488,R
314,303,36505,R
315,303,36522,R
316,303,36538,R
317,303,36555,R
318,303,36572,R
318,303,36589,R
319,303,36605,R
320,303,36622,R
321,303,36639,R
322,303,36655,R
323,303,36672,R
323,303,36689,R
324,303,36705,R
325,303,36722,R
326,303,36739,R
327,303,36755,R
328,303,36772,R
328,303,36789,R
329,303,36805,R
330,303,36822,R
331,303,36839,R
332,303,36855,R
333,303,36872,R
333,303,36889,R
334,303,36905,R
335,303,36922,R
336,303,36939,R
337,303,36955,R
338,303,36972,R
338,303,36989,R
339,303,37006,R
340,303,37022,R
341,303,37039,R
342,303,37056,R
343,303,37072,R
343,303,37089,R
344,303,37106,R
345,303,37122,R
346,303,37139,R
347,303,37156,R
348,303,37172,R
348,303,37189,R
349,303,37206,R
350,303,37222,R
351,303,37239,R
352,303,37256,R
353,303,37272,R
353,303,37289,R
354,303,37306,R
355,303,37322,R
356,303,37339,R
357,303,37356,R
358,303,37372,R
358,303,37389,R
359,303,37406,R
360,303,37423,R
361,303,37439,R
362,303,37456,R
363,303,37473,R
363,303,37489,R
364,303,37506,R
365,303,37523,R
366,303,37539,R
367,303,37556,R
368,303,37573,R
368,303,37589,R
369,303,37606,R
370,303,37623,R
371,303,37639,R
372,303,37656,R
373,303,37673,R
373,303,37689,R
374,303,37706,R
375,303,37723,R
376,303,37739,R
377,303,37756,R
378,303,37773,R
378,303,37789,R
379,303,37806,R
380,303,37823,R
381,303,37840,R
382,303,37856,R
383,303,37873,R
383,303,37890,R
384,303,37906,R
385,303,37923,R
386,303,37940,R
387,303,37956,R
388,303,37973,R
388,303,37990,UR
389,303,38007,UR
389,302,38023,UR
389,300,38040,UR
389,298,38057,UR
389,297,38073,UR
389,296,38090,UR
389,296,38107,UR
389,296,38123,UR
389,296,38140,UR
389,296,38157,UR
389,296,38173,UR
389,296,38190,U
389,296,38207,U
389,296,38223,U
389,296,38240,U
389,296,38257,U
389,296,38273,U
389,296,38290,U
389,296,38307,U
389,296,38323,U
389,296,38340,U
389,296,38357,U
389,296,38373,U
389,296,38390,U
389,296,38407,U
389,296,38424,UR
389,296,38440,UR
389,296,38457,UR
389,296,38474,UR
389,296,38490,UR
389,296,38507,UR
389,296,38524,UR
389,296,38540,UR
389,296,38557,U
389,296,38574,U
389,296,38590,U
389,296,38607,U
389,296,38624,U
389,296,38640,U
389,296,38657,U
389,296,38674,U
389,296,38690,U
389,296,38707,U
389,296,38724,U
389,296,38740,U
389,296,38757,U
389,296,38774,U
389,296,38790,U
389,296,38807,R
389,296,38824,R
390,296,38841,R
391,296,38857,R
392,296,38874,R
393,296,38891,R
393,296,38907,R
394,296,38924,R
395,296,38941,R
396,296,38957,R
397,296,38974,R
398,296,38991,R
398,296,39007,R
399,296,39024,R
400,296,39041,R
401,296,39057,R
402,296,39074,UR
403,296,39091,UR
403,294,39107,U
403,293,39124,U
403,291,39141,U
403,289,39157,U
403,288,39174,U
403,286,39191,U
403,284,39207,U
403,283,39224,U
403,281,39241,U
403,279,39258,U
403,278,39274,U
403,276,39291,U
403,274,39308,U
403,273,39324,U
403,271,39341,U
403,269,39358,U
403,268,39374,U
403,266,39391,U
403,264,39408,U
403,263,39424,U
403,261,39441,U
403,259,39458,U
403,258,39474,U
403,256,39491,U
403,254,39508,U
403,253,39524,U
403,251,39541,U
403,249,39558,U
403,248,39574,U
403,246,39591,U
403,244,39608,U
403,243,39624,U
403,241,39641,U
403,239,39658,U
403,238,39675,U
403,236,39691,U
403,234,39708,U
403,233,39725,U
403,231,39741,U
403,229,39758,U
403,228,39775,U
403,226,39791,U
403,224,39808,U
403,223,39825,U
403,221,39841,U
403,219,39858,U
403,218,39875,U
403,216,39891,U
403,214,39908,U
403,213,39925,U
403,211,39941,U
403,209,39958,U
403,208,39975,U
403,206,39991,U
403,204,40008,U
403,203,40025,U
403,201,40041,U
403,199,40058,U
403,198,40075,U
403,196,40092,U
403,194,40108,U
403,193,40125,U
403,191,40142,U
403,189,40158,U
403,188,40175,U
403,186,40192,U
403,184,40208,U
403,183,40225,U
403,181,40242,U
403,179,40258,U
403,178,40275,U
403,176,40292,U
403,174,40308,U
403,173,40325,U
403,171,40342,U
403,169,40358,U
403,168,40375,U
403,166,40392,U
403,164,40408,U
403,163,40425,U
403,161,40442,U
403,159,40458,U
403,158,40475,U
403,156,40492,U
403,154,40509,U
403,153,40525,U
403,151,40542,U
403,149,40559,U
403,148,40575,U
403,146,40592,U
403,144,40609,U
403,143,40625,U
403,141,40642,U
403,139,40659,U
403,138,40675,U
403,136,40692,U
403,134,40709,U
403,133,40725,U
403,131,40742,U
403,129,40759,U
403,128,40775,U
403,126,40792,U
403,124,40809,U
403,123,40825,U
403,121,40842,UR
403,119,40859,UR
403,118,40875,UR
403,116,40892,UR
403,114,40909,R
403,113,40926,R
403,113,40942,R
404,113,40959,R
405,113,40976,R
406,113,40992,R
407,113,41009,R
408,113,41026,R
408,113,41042,R
409,113,41059,R
410,113,41076,R
411,113,41092,R
412,113,41109,R
413,113,41126,R
413,113,41142,R
414,113,41159,R
415,113,41176,R
416,113,41192,R
417,113,41209,R
418,113,41226,R
418,113,41242,R
419,113,41259,R
420,113,41276,R
421,113,41292,R
422,113,41309,R
423,113,41326,R
423,113,41343,R
424,113,41359,R
425,113,41376,R
426,113,41393,R
427,113,41409,R
428,113,41426,R
428,113,41443,R
429,113,41459,R
430,113,41476,R
431,113,41493,R
432,113,41509,R
433,113,41526,R
433,113,41543,R
434,113,41559,R
435,113,41576,R
436,113,41593,R
437,113,41609,R
438,113,41626,R
438,113,41643,R
439,113,41659,R
440,113,41676,R
441,113,41693,R
442,113,41709,R
443,113,41726,R
443,113,41743,R
444,113,41760,R
445,113,41776,R
446,113,41793,R
447,113,41810,R
448,113,41826,R
448,113,41843,R
449,113,41860,R
450,113,41876,R
451,113,41893,R
452,113,41910,R
453,113,41926,R
453,113,41943,R
454,113,41960,R
455,113,41976,R
456,113,41993,R
457,113,42010,R
458,113,42026,R
458,113,42043,R
459,113,42060,R
460,113,42076,R
461,113,42093,R
462,113,42110,R
463,113,42126,R
463,113,42143,R
464,113,42160,R
465,113,42177,R
466,113,42193,R
467,113,42210,R
468,113,42227,R
468,113,42243,R
469,113,42260,R
470,113,42277,R
471,113,42293,R
472,113,42310,R
473,113,42327,R
473,113,42343,R
474,113,42360,R
475,113,42377,R
476,113,42393,R
477,113,42410,R
478,113,42427,R
478,113,42443,R
479,113,42460,R
480,113,42477,R
481,113,42493,R
482,113,42510,R
483,113,42527,R
483,113,42543,R
484,113,42560,R
485,113,42577,R
486,113,42594,R
487,113,42610,R
488,113,42627,R
488,113,42644,R
489,113,42660,DR
490,113,42677,DR
490,114,42694,DR
490,114,42710,DR
490,115,42727,DR
490,116,42744,DR
490,117,42760,DR
490,118,42777,DR
490,119,42794,DR
490,119,42810,D
490,120,42827,D
490,121,42844,D
490,122,42860,D
490,123,42877,D
490,124,42894,D
490,124,42910,D
490,125,42927,D
490,126,42944,D
490,127,42960,D
490,128,42977,D
490,129,42994,D
490,129,43011,D
490,130,43027,D
490,131,43044,D
490,132,43061,D
490,133,43077,D
490,134,43094,D
490,134,43111,D
490,135,43127,D
490,136,43144,D
490,137,43161,D
490,138,43177,D
490,139,43194,D
490,139,43211,D
490,140,43227,D
490,141,43244,D
490,142,43261,D
490,143,43277,D
490,144,43294,DR
490,144,43311,DR
490,145,43327,DR
490,146,43344,DR
490,147,43361,DR
490,148,43377,DR
490,149,43394,DR
490,149,43411,DR
490,150,43428,DR
490,151,43444,D
490,152,43461,D
490,153,43478,D
490,154,43494,D
490,154,43511,D
490,155,43528,D
490,156,43544,D
490,157,43561,D
490,158,43578,D
490,159,43594,D
490,159,43611,D
490,160,43628,D
490,161,43644,D
490,162,43661,D
490,163,43678,D
490,164,43694,D
490,164,43711,D
490,165,43728,D
490,166,43744,DR
490,167,43761,DR
490,168,43778,DR
490,169,43794,DR
490,169,43811,R
490,170,43828,R
491,170,43845,R
492,170,43861,R
493,170,43878,R
493,170,43895,R
494,170,43911,R
495,170,43928,R
496,170,43945,R
497,170,43961,DR
498,170,43978,DR
498,171,43995,DR
498,172,44011,D
498,173,44028,D
498,174,44045,D
498,174,44061,D
498,175,44078,D
498,176,44095,D
498,177,44111,D
498,178,44128,D
498,179,44145,D
498,179,44161,D
498,180,44178,D
498,181,44195,D
498,182,44211,D
498,183,44228,D
498,184,44245,D
498,184,44262,D
498,185,44278,D
498,186,44295,D
498,187,44312,D
498,188,44328,D
498,189,44345,D
498,189,44362,D
498,190,44378,D
498,191,44395,D
498,192,44412,D
498,193,44428,D
498,194,44445,D
498,194,44462,D
498,195,44478,D
498,196,44495,D
498,197,44512,D
498,198,44528,D
498,199,44545,D
498,199,44562,D
498,200,44578,D
498,201,44595,D
498,202,44612,D
498,203,44628,D
498,204,44645,D
498,204,44662,D
498,205,44679,D
498,206,44695,D
498,207,44712,D
498,208,44729,D
498,209,44745,D
498,209,44762,D
498,210,44779,D
498,211,44795,D
498,212,44812,D
498,213,44829,D
498,214,44845,D
498,214,44862,D
498,215,44879,D
498,216,44895,D
498,217,44912,D
498,218,44929,D
498,219,44945,D
498,219,44962,D
498,220,44979,D
498,221,44995,D
498,222,45012,D
498,223,45029,D
498,224,45045,D
498,224,45062,D
498,225,45079,D
498,226,45096,D
498,227,45112,D
498,228,45129,D
498,229,45146,D
498,229,45162,D
498,230,45179,D
498,231,45196,D
498,232,45212,D
498,233,45229,D
498,234,45246,D
498,234,45262,D
498,235,45279,D
498,236,45296,D
498,237,45312,D
498,238,45329,D
498,239,45346,D
498,239,45362,D
498,240,45379,D
498,241,45396,D
498,242,45412,D
498,243,45429,D
498,244,45446,D
498,244,45462,D
498,245,45479,D
498,246,45496,D
498,247,45513,D
498,248,45529,D
498,249,45546,D
498,249,45563,D
498,250,45579,D
498,251,45596,D
498,252,45613,D
498,253,45629,D
498,254,45646,D
498,254,45663,D
498,255,45679,D
498,256,45696,D
498,257,45713,D
498,258,45729,D
498,259,45746,D
498,259,45763,D
498,260,45779,D
498,261,45796,D
498,262,45813,D
498,263,45829,D
498,264,45846,D
498,264,45863,DR
498,265,45879,DR
498,266,45896,DR
498,267,45913,DR
498,268,45930,DR
498,269,45946,DR
498,269,45963,R
498,270,45980,R
498,270,45996,R
499,270,46013,R
500,270,46030,R
501,270,46046,R
502,270,46063,R
503,270,46080,R
503,270,46096,R
504,270,46113,R
505,270,46130,R
506,270,46146,R
507,270,46163,
508,270,46180,
508,270,46196,
508,270,46213,
508,270,46230,
508,270,46246,
508,270,46263,
508,270,46280,
508,270,46296,
508,270,46313,
508,270,46330,
508,270,46347,
508,270,46363,
508,270,46380,
508,270,46397,
508,270,46413,R
508,270,46430,R
508,270,46447,R
509,270,46463,R
510,270,46480,R
511,270,46497,R
512,270,46513,R
513,270,46530,R
513,270,46547,
514,270,46563,
514,270,46580,
514,270,46597,
514,270,46613,U
514,270,46630,U
514,269,46647,U
514,267,46663,U
514,265,46680,U
514,264,46697,U
514,262,46713,U
514,260,46730,U
514,259,46747,U
514,257,46764,U
514,255,46780,U
514,254,46797,U
514,252,46814,U
514,250,46830,U
514,249,46847,U
514,247,46864,U
514,245,46880,U
514,244,46897,U
514,242,46914,U
514,240,46930,U
514,239,46947,U
514,237,46964,U
514,235,46980,U
514,234,46997,U
514,232,47014,U
514,230,47030,U
514,229,47047,U
514,227,47064,U
514,225,47080,
514,224,47097,
514,224,47114,
514,224,47130,
514,224,47147,
514,224,47164,
514,224,47181,
514,224,47197,
514,224,47214,
514,224,47231,
514,224,47247,
514,224,47264,
514,224,47281,
514,224,47297,
514,224,47314,
514,224,47331,
514,224,47347,
514,224,47364,
514,224,47381,
514,224,47397,
514,224,47414,
514,224,47431,
514,224,47447,
514,224,47464,
514,224,47481,
514,224,47497,
514,224,47514,
514,224,47531,
514,224,47547,
514,224,47564,
514,224,47581,
514,224,47598,
514,224,47614,
514,224,47631,
514,224,47648,
514,224,47664,
514,224,47681,
514,224,47698,
514,224,47714,
514,224,47731,
514,224,47748,
514,224,47764,
514,224,47781,
514,224,47798,
514,224,47814,
514,224,47831,
514,224,47848,
514,224,47864,
514,224,47881,
514,224,47898,
514,224,47914,
514,224,47931,
514,224,47948,
514,224,47964,
514,224,47981,
514,224,47998,U
514,224,48015,U
514,222,48031,UL
514,220,48048,UL
514,219,48065,UL
514,217,48081,UL
514,215,48098,UL
514,214,48115,UL
514,212,48131,UL
514,210,48148,UL
514,209,48165,UL
514,207,48181,U
514,205,48198,U
514,204,48215,U
514,202,48231,U
514,200,48248,U
514,200,48265,U
514,200,48281,U
514,200,48298,U
514,200,48315,U
514,200,48331,U
514,200,48348,U
514,200,48365,U
514,200,48382,UL
514,200,48398,UL
514,200,48415,UL
514,200,48432,L
514,200,48448,L
513,200,48465,L
513,200,48482,L
512,200,48498,L
511,200,48515,L
510,200,48532,L
509,200,48548,L
508,200,48565,L
508,200,48582,L
507,200,48598,L
506,200,48615,L
505,200,48632,L
504,200,48648,UL
503,200,48665,UL
503,198,48682,UL
503,197,48698,UL
503,195,48715,U
503,193,48732,U
503,192,48748,U
503,190,48765,U
503,188,48782,U
503,187,48799,U
503,185,48815,U
503,183,48832,U
503,182,48849,U
503,180,48865,U
503,178,48882,U
503,177,48899,U
503,175,48915,U
503,173,48932,U
503,172,48949,U
503,170,48965,U
503,168,48982,U
503,167,48999,U
503,165,49015,U
503,163,49032,U
503,162,49049,U
503,160,49065,U
503,158,49082,U
503,157,49099,U
503,155,49115,U
503,153,49132,U
503,152,49149,U
503,150,49165,U
503,148,49182,U
503,147,49199,U
503,145,49216,U
503,143,49232,U
503,142,49249,U
503,140,49266,U
503,138,49282,U
503,137,49299,U
503,135,49316,U
503,133,49332,U
503,132,49349,U
503,130,49366,U
503,128,49382,U
503,127,49399,U
503,125,49416,U
503,123,49432,U
503,122,49449,U
503,120,49466,U
503,118,49482,U
503,117,49499,UR
503,115,49516,UR
503,113,49532,UR
503,112,49549,UR
503,110,49566,UR
503,108,49582,UR
503,107,49599,R
503,105,49616,R
504,105,49633,R
505,105,49649,R
506,105,49666,R
507,105,49683,R
508,105,49699,R
508,105,49716,R
509,105,49733,R
510,105,49749,R
511,105,49766,R
512,105,49783,R
513,105,49799,R
513,105,49816,R
514,105,49833,R
515,105,49849,R
516,105,49866,R
517,105,49883,R
518,105,49899,R
518,105,49916,R
519,105,49933,R
520,105,49949,R
521,105,49966,R
522,105,49983,R
523,105,49999,UR
523,105,50016,UR
523,103,50033,UR
523,102,50050,UR
523,100,50066,UR
523,98,50083,U
523,97,50100,U
523,95,50116,U
523,93,50133,U
523,92,50150,U
523,90,50166,U
523,88,50183,U
523,87,50200,U
523,85,50216,U
523,83,50233,U
523,82,50250,U
523,80,50266,U
523,78,50283,U
523,77,50300,U
523,75,50316,U
523,73,50333,U
523,72,50350,U
523,72,50366,U
523,72,50383,U
523,72,50400,U
523,72,50416,UR
523,72,50433,UR
523,72,50450,R
523,72,50467,R
524,72,50483,R
525,72,50500,R
526,72,50517,R
527,72,50533,R
528,72,50550,R
528,72,50567,R
529,72,50583,R
530,72,50600,R
531,72,50617,R
532,72,50633,R
533,72,50650,R
533,72,50667,R
534,72,50683,R
535,72,50700,R
536,72,50717,R
537,72,50733,R
538,72,50750,R
538,72,50767,R
539,72,50783,R
540,72,50800,R
541,72,50817,R
542,72,50833,R
543,72,50850,R
543,72,50867,R
544,72,50884,R
545,72,50900,R
546,72,50917,R
547,72,50934,R
548,72,50950,R
548,72,50967,R
549,72,50984,R
550,72,51000,R
551,72,51017,R
552,72,51034,R
553,72,51050,R
553,72,51067,UR
554,72,51084,UR
554,70,51100,UR
554,69,51117,UR
554,67,51134,UR
554,65,51150,UR
554,64,51167,UR
554,62,51184,UR
554,60,51200,U
554,59,51250,U
554,57,51267,U
554,55,51284,U
554,54,51301,U
554,52,51317,U
554,50,51334,U
554,49,51351,U
554,47,51367,U
554,45,51384,U
554,44,51401,U
554,42,51417,U
554,40,51434,U
554,40,51451,U
554,40,51467,UR
554,40,51484,UR
554,40,51501,UR
554,40,51517,UR
554,40,51534,UR
554,40,51551,UR
554,40,51567,UR
554,40,51584,UR
554,40,51601,UR
554,40,51617,UR
554,40,51634,UR
554,40,51651,UR
554,40,51667,R
554,40,51684,R
555,40,51701,R
556,40,51718,R
557,40,51734,R
558,40,51751,R
558,40,51768,R
559,40,51784,R
560,40,51801,R
561,40,51818,R
562,40,51834,R
563,40,51851,R
563,40,51868,
564,40,51884,
564,40,51901,
564,40,51918,
564,40,51934,
564,40,51951,
564,40,51968,
564,40,51984,
564,40,52001,
564,40,52018,
564,40,52034,
564,40,52051,
564,40,52068,
564,40,52084,
564,40,52101,
564,40,52118,
564,40,52135,
564,40,52151,
564,40,52168,
564,40,52185,
564,40,52201,
564,40,52218,
564,40,52235,
564,40,52251,
564,40,52268,
564,40,52285,
564,40,52301,
564,40,52318,
564,40,52335,
564,40,52351,
564,40,52368,
564,40,52385,
564,40,52401,
564,40,52418,
564,40,52435,
564,40,52451,
564,40,52468,
564,40,52485,D
564,40,52501,D
564,41,52518,D
564,42,52535,D
564,43,52552,D
564,43,52568,D
564,44,52585,D
564,45,52602,D
564,46,52618,D
564,47,52635,D
564,48,52652,D
564,48,52668,D
564,49,52685,D
564,50,52702,D
564,51,52718,D
564,52,52735,D
564,53,52752,D
564,53,52768,
564,54,52785,
564,54,52802,
564,54,52818,
564,54,52835,
564,54,52852,
564,54,52868,U
564,54,52885,U
564,53,52902,U
564,51,52918,U
564,49,52935,U
564,48,52952,U
564,46,52969,U
564,44,52985,U
564,43,53002,U
564,41,53019,U
564,40,53035,U
564,40,53052,U
564,40,53069,U
564,40,53085,U
564,40,53102,U
564,40,53119,U
564,40,53135,U
564,40,53152,U
564,40,53169,U
564,40,53185,U
564,40,53202,U
564,40,53219,U
564,40,53235,U
564,40,53252,
564,40,53269,
564,40,53285,
564,40,53302,
564,40,53319,
564,40,53335,
564,40,53352,
564,40,53369,D
564,40,53386,D
564,41,53402,D
564,42,53419,D
564,43,53436,D
564,43,53452,D
564,44,53469,D
564,45,53486,D
564,46,53502,D
564,47,53519,D
564,48,53536,D
564,48,53552,D
564,49,53569,D
564,50,53586,D
564,51,53602,D
564,52,53619,D
564,53,53636,D
564,53,53652,D
564,54,53669,D
564,55,53686,D
564,56,53702,D
564,57,53719,D
564,58,53736,D
564,58,53752,D
564,59,53769,D
564,60,53786,D
564,61,53803,D
564,62,53819,D
564,63,53836,D
564,63,53853,D
564,64,53869,D
564,65,53886,D
564,66,53903,D
564,67,53919,D
564,68,53936,D
564,68,53953,D
564,69,53969,D
564,70,53986,D
564,71,54003,
564,72,54019,
564,72,54036,
564,72,54053,
564,72,54069,
564,72,54086,
564,72,54103,
564,72,54119,
564,72,54136,
564,72,54153,
564,72,54169,
564,72,54186,
564,72,54203,
564,72,54220,
564,72,54236,
564,72,54253,
564,72,54270,
564,72,54286,
564,72,54303,
564,72,54320,
564,72,54336,
564,72,54353,
564,72,54370,
564,72,54386,
564,72,54403,U
564,72,54420,U
564,70,54436,U
564,68,54453,U
564,67,54470,U
564,65,54486,U
564,63,54503,U
564,62,54520,U
564,60,54536,U
564,58,54553,U
564,57,54570,U
564,55,54586,U
564,53,54603,U
564,52,54620,U
564,50,54637,U
564,48,54653,U
564,47,54670,U
564,45,54687,U
564,43,54703,U
564,42,54720,U
564,40,54737,U
564,40,54753,U
564,40,54770,U
564,40,54787,U
564,40,54803,U
564,40,54820,U
564,40,54837,U
564,40,54853,U
564,40,54870,
564,40,54887,
564,40,54903,
564,40,54920,
564,40,54937,
564,40,54953,
564,40,54970,
564,40,54987,
564,40,55003,
564,40,55020,
564,40,55037,
564,40,55054,
564,40,55070,
564,40,55087,
564,40,55104,D
564,40,55120,D
564,41,55137,D
564,42,55154,D
564,43,55170,D
564,43,55187,D
564,44,55204,D
564,45,55220,D
564,46,55237,D
564,47,55254,D
564,48,55270,D
564,48,55287,D
564,49,55304,D
564,50,55320,D
564,51,55337,D
564,52,55354,D
564,53,55370,D
564,53,55387,D
564,54,55404,
564,55,55420,
564,55,55437,
564,55,55454,
564,55,55471,
564,55,55487,
564,55,55504,
564,55,55521,
564,55,55537,
564,55,55554,
564,55,55571,
564,55,55587,
564,55,55604,
564,55,55621,
564,55,55637,
564,55,55654,
564,55,55671,
564,55,55687,
564,55,55704,
564,55,55721,
564,55,55737,
564,55,55754,
564,55,55771,
564,55,55787,
564,55,55804,
564,55,55821,
564,55,55837,
564,55,55854,
564,55,55871,
564,55,55888,
564,55,55904,
564,55,55921,
564,55,55938,
564,55,55954,
564,55,55971,
564,55,55988,
564,55,56004,
564,55,56021,
564,55,56038,
564,55,56054,
564,55,56071,
564,55,56088,
564,55,56104,
564,55,56121,
564,55,56138,
564,55,56154,
564,55,56171,
564,55,56188,
564,55,56204,
564,55,56221,
564,55,56238,
564,55,56254,
564,55,56271,
564,55,56288,
564,55,56305,
564,55,56321,
564,55,56338,
564,55,56355,
564,55,56371,
564,55,56388,
564,55,56405,
564,55,56421,
564,55,56438,D
564,55,56455,D
564,56,56471,D
564,57,56488,D
564,58,56505,D
564,58,56521,D
564,59,56538,D
564,60,56555,D
564,61,56571,D
564,62,56588,D
564,63,56605,
564,63,56621,
564,63,56638,L
564,63,56655,L
563,63,56671,L
563,63,56688,L
562,63,56705,L
561,63,56722,L
560,63,56738,L
559,63,56755,L
558,63,56772,DL
558,63,56788,DL
558,64,56805,D
558,65,56822,D
558,66,56838,D
558,67,56855,D
558,68,56872,D
558,68,56888,D
558,69,56905,D
558,70,56922,D
558,71,56938,D
558,72,56955,D
558,73,56972,D
558,73,56988,D
558,74,57005,D
558,75,57022,D
558,76,57038,DL
558,77,57055,DL
558,78,57072,DL
558,78,57088,DL
558,79,57105,DL
558,80,57122,DL
558,81,57139,DL
558,82,57155,DL
558,83,57172,DL
558,83,57189,DL
558,84,57205,DL
558,85,57222,DL
558,86,57239,DL
558,87,57255,DL
558,88,57272,D
558,88,57289,D
558,88,57305,D
558,88,57322,D
558,88,57339,D
558,88,57355,D
558,88,57372,D
558,88,57389,D
558,88,57405,D
558,88,57422,D
558,88,57439,D
558,88,57455,D
558,88,57472,DL
558,88,57489,DL
558,88,57505,DL
558,88,57522,DL
558,88,57539,L
558,88,57556,L
557,88,57572,L
556,88,57589,L
555,88,57606,L
554,88,57622,L
553,88,57639,L
553,88,57656,L
552,88,57672,L
551,88,57689,L
550,88,57706,L
549,88,57722,L
548,88,57739,L
548,88,57756,L
547,88,57772,L
546,88,57789,DL
545,88,57806,DL
545,88,57822,DL
545,88,57839,DL
545,88,57856,DL
545,88,57872,DL
545,88,57889,L
545,88,57906,L
544,88,57922,L
543,88,57939,L
543,88,57956,L
542,88,57973,L
541,88,57989,L
540,88,58006,DL
539,88,58023,DL
539,88,58039,DL
539,88,58056,DL
539,88,58073,DL
539,88,58089,D
539,88,58106,D
539,88,58123,D
539,88,58140,D
539,88,58156,DL
539,88,58173,DL
539,88,58190,L
539,88,58206,L
538,88,58223,L
538,88,58240,L
537,88,58256,L
536,88,58273,L
535,88,58290,L
534,88,58306,L
533,88,58323,L
533,88,58340,DL
532,88,58356,DL
532,89,58373,DL
532,90,58390,DL
532,90,58406,D
532,91,58423,D
532,92,58440,D
532,93,58456,D
532,94,58473,D
532,95,58490,D
532,95,58506,D
532,96,58523,D
532,97,58540,D
532,98,58557,D
532,99,58573,D
532,100,58590,D
532,100,58607,D
532,101,58623,D
532,102,58640,D
532,103,58657,D
532,104,58673,D
532,105,58690,D
532,105,58707,DL
532,106,58723,DL
532,107,58740,L
532,108,58757,L
531,108,58773,L
530,108,58790,L
529,108,58807,L
528,108,58823,L
528,108,58840,L
527,108,58857,L
526,108,58873,L
525,108,58890,L
524,108,58907,L
523,108,58923,L
523,108,58940,DL
522,108,58957,DL
522,109,58974,D
522,110,58990,D
522,110,59007,D
522,111,59024,D
522,112,59040,D
522,113,59057,D
522,114,59074,D
522,115,59090,D
522,115,59107,D
522,116,59124,DL
522,117,59140,DL
522,118,59157,DL
522,119,59174,L
522,120,59190,L
521,120,59207,L
520,120,59224,L
519,120,59240,L
518,120,59257,L
518,120,59274,L
517,120,59290,L
516,120,59307,L
515,120,59324,L
514,120,59340,L
513,120,59357,L
513,120,59374,L
512,120,59391,L
511,120,59407,L
510,120,59424,L
509,120,59441,L
508,120,59457,L
508,120,59474,L
507,120,59491,L
506,120,59507,L
505,120,59524,L
504,120,59541,L
503,120,59557,L
503,120,59574,L
502,120,59591,L
501,120,59607,L
500,120,59624,L
499,120,59641,L
498,120,59657,L
498,120,59674,L
497,120,59691,L
496,120,59707,L
495,120,59724,L
494,120,59741,L
493,120,59757,L
493,120,59774,L
492,120,59791,L
491,120,59808,L
490,120,59824,L
489,120,59841,L
488,120,59858,L
488,120,59874,L
487,120,59891,L
486,120,59908,L
485,120,59924,L
484,120,59941,L
483,120,59958,L
483,120,59974,L
482,120,59991,L
481,120,60008,L
480,120,60024,L
479,120,60041,L
478,120,60058,L
478,120,60074,L
477,120,60091,L
476,120,60108,L
475,120,60124,L
474,120,60141,L
473,120,60158,L
473,120,60174,L
472,120,60191,L
471,120,60208,L
470,120,60225,L
469,120,60241,L
468,120,60258,L
468,120,60275,L
467,120,60291,L
466,120,60308,L
465,120,60325,L
464,120,60341,L
463,120,60358,L
463,120,60375,L
462,120,60391,L
461,120,60408,L
460,120,60425,L
459,120,60441,L
458,120,60458,L
458,120,60475,L
457,120,60491,L
456,120,60508,L
455,120,60525,L
454,120,60541,L
453,120,60558,L
453,120,60575,L
452,120,60591,L
451,120,60608,L
450,120,60625,L
449,120,60642,L
448,120,60658,L
448,120,60675,L
447,120,60692,L
446,120,60708,L
445,120,60725,L
444,120,60742,L
443,120,60758,L
443,120,60775,L
442,120,60792,L
441,120,60808,DL
440,120,60825,DL
440,120,60842,DL
440,120,60858,DL
440,120,60875,DL
440,120,60892,DL
440,120,60908,DL
440,120,60925,D
440,120,60942,D
440,120,60958,D
440,120,60975,D
440,120,60992,D
440,120,61008,D
440,120,61025,D
440,120,61042,D
440,120,61059,D
440,120,61075,D
440,120,61092,D
440,120,61109,D
440,120,61125,D
440,120,61142,D
440,120,61159,D
440,120,61175,D
440,120,61192,D
440,120,61209,D
440,120,61225,D
440,120,61242,D
440,120,61259,DL
440,120,61275,DL
440,120,61292,DL
440,120,61309,DL
440,120,61325,DL
440,120,61342,DL
440,120,61359,DL
440,120,61375,DL
440,120,61392,DL
440,120,61409,D
440,120,61425,D
440,120,61442,D
440,120,61459,D
440,120,61476,D
440,120,61492,D
440,120,61509,DL
440,120,61526,L
440,120,61542,L
439,120,61559,L
438,120,61576,L
438,120,61592,L
437,120,61609,L
436,120,61626,L
435,120,61642,L
434,120,61659,L
433,120,61676,L
433,120,61692,L
432,120,61709,L
431,120,61726,L
430,120,61742,L
429,120,61759,L
428,120,61776,L
428,120,61792,DL
427,120,61809,D
427,121,61826,D
427,122,61842,D
427,122,61859,D
427,123,61876,D
427,124,61893,D
427,125,61909,D
427,126,61926,D
427,127,61943,D
427,127,61959,D
427,128,61976,D
427,129,61993,D
427,130,62009,D
427,131,62026,D
427,132,62043,D
427,132,62059,D
427,133,62076,D
427,134,62093,D
427,135,62109,D
427,136,62126,D
427,137,62143,D
427,137,62159,D
427,138,62176,D
427,139,62193,D
427,140,62209,D
427,141,62226,D
427,142,62243,D
427,142,62259,D
427,143,62276,D
427,144,62293,D
427,145,62310,D
427,146,62326,D
427,147,62343,D
427,147,62360,D
427,148,62376,D
427,149,62393,D
427,150,62410,D
427,151,62426,D
427,152,62443,D
427,153,62460,D
427,153,62476,D
427,154,62493,D
427,155,62510,D
427,156,62526,D
427,157,62543,D
427,158,62560,D
427,158,62576,D
427,159,62593,D
427,160,62610,D
427,161,62626,D
427,162,62643,D
427,163,62660,D
427,163,62676,D
427,164,62693,D
427,165,62710,D
427,166,62727,D
427,167,62743,D
427,168,62760,D
427,168,62777,D
427,169,62793,D
427,170,62810,D
427,171,62827,D
427,172,62843,D
427,173,62860,D
427,173,62877,D
427,174,62893,D
427,175,62910,D
427,176,62927,D
427,177,62943,D
427,178,62960,D
427,178,62977,D
427,179,62993,D
427,180,63010,D
427,181,63027,D
427,182,63043,D
427,183,63060,D
427,183,63077,D
427,184,63093,D
427,185,63110,D
427,186,63127,D
427,187,63144,D
427,188,63160,D
427,188,63177,D
427,189,63194,D
427,190,63210,D
427,191,63227,D
427,192,63244,D
427,193,63260,D
427,193,63277,D
427,194,63294,D
427,195,63310,D
427,196,63327,D
427,197,63344,D
427,198,63360,D
427,198,63377,D
427,199,63394,D
427,200,63410,D
427,201,63427,D
427,202,63444,D
427,203,63460,D
427,203,63477,D
427,204,63494,D
427,205,63510,D
427,206,63527,D
427,207,63544,D
427,208,63561,D
427,208,63577,D
427,209,63594,D
427,210,63611,D
427,211,63627,D
427,212,63644,D
427,213,63661,D
427,213,63677,D
427,214,63694,D
427,215,63711,D
427,216,63727,D
427,217,63744,D
427,218,63761,D
427,218,63777,D
427,219,63794,D
427,220,63811,D
427,221,63827,D
427,222,63844,D
427,223,63861,D
427,223,63877,D
427,224,63894,D
427,225,63911,D
427,226,63927,D
427,227,63944,D
427,228,63961,D
427,228,63978,D
427,229,63994,D
427,230,64011,D
427,231,64028,D
427,232,64044,D
427,233,64061,D
427,233,64078,D
427,234,64094,D
427,235,64111,D
427,236,64128,D
427,237,64144,D
427,238,64161,D
427,238,64178,D
427,239,64194,D
427,240,64211,D
427,241,64228,D
427,242,64244,D
427,243,64261,D
427,243,64278,D
427,244,64294,D
427,245,64311,D
427,246,64328,D
427,247,64344,D
427,248,64361,D
427,248,64378,D
427,249,64395,D
427,250,64411,D
427,251,64428,D
427,252,64445,D
427,253,64461,D
427,253,64478,D
427,254,64495,D
427,255,64511,D
427,256,64528,D
427,257,64545,D
427,258,64561,D
427,258,64578,D
427,259,64595,D
427,260,64611,D
427,261,64628,D
427,262,64645,D
427,263,64661,D
427,263,64678,D
427,264,64695,D
427,265,64711,D
427,266,64728,D
427,267,64745,D
427,268,64761,D
427,268,64778,D
427,269,64795,D
427,270,64812,D
427,271,64828,D
427,272,64845,D
427,273,64862,D
427,273,64878,D
427,274,64895,D
427,275,64912,D
427,276,64928,D
427,277,64945,D
427,278,64962,D
427,278,64978,D
427,279,64995,D
427,280,65012,D
427,281,65028,D
427,282,65045,D
427,283,65062,D
427,283,65078,D
427,284,65095,D
427,285,65112,D
427,286,65128,D
427,287,65145,D
427,288,65162,D
427,288,65178,D
427,289,65195,D
427,290,65212,D
427,291,65229,D
427,292,65245,D
427,293,65262,D
427,293,65279,D
427,294,65295,D
427,295,65312,D
427,296,65329,D
427,297,65345,D
427,298,65362,D
427,298,65379,D
427,299,65395,D
427,300,65412,D
427,301,65429,D
427,302,65445,
427,303,65462,
427,303,65479,
427,303,65495,
427,303,65512,
427,303,65529,
427,303,65545,
427,303,65562,
427,303,65579,
427,303,65595,
427,303,65612,
427,303,65629,
427,303,65646,
427,303,65662,
427,303,65679,
427,303,65696,
427,303,65712,
427,303,65729,
427,303,65746,
427,303,65762,
427,303,65779,
427,303,65796,
427,303,65812,
427,303,65829,
427,303,65846,
427,303,65862,
427,303,65879,
427,303,65896,
427,303,65912,
427,303,65929,
427,303,65946,
427,303,65962,
427,303,65979,
427,303,65996,
427,303,66012,
427,303,66029,
427,303,66046,
427,303,66063,
427,303,66079,
427,303,66096,
427,303,66113,
427,303,66129,
427,303,66146,
427,303,66163,
